Team,Player,Pos,Apps,Min,G,NPG,A,Sh90,KP90,xG,xG Change,NPxG,NPxG Change,xA,xA Change,xGChain,xGBuildup,xG90,NPxG90,xA90,xG90 + xA90,NPxG90 + xA90,xGChain90,xGBuildup90,Yellow Flag,Red Flag
Liverpool,Mohamed Salah,F,25,2175,15,12,6,3.97,1.82,15.28,+0.28,12.99,+0.99,6.71,+0.71,23.25,6.76,0.63,0.54,0.28,0.91,0.82,0.96,0.28,1,0
Liverpool,Sadio Mane,F M,25,2000,13,13,6,2.56,1.75,12.30,-0.70,12.30,-0.70,4.75,-1.25,19.37,4.89,0.55,0.55,0.21,0.77,0.77,0.87,0.22,2,0
Liverpool,Roberto Firmino,F M,28,2355,8,8,7,3.21,1.49,14.26,+6.26,14.26,+6.26,6.29,-0.71,24.29,8.09,0.55,0.55,0.24,0.79,0.79,0.93,0.31,0,0
Liverpool,Virgil van Dijk,D,28,2520,4,4,0,0.79,0.11,1.65,-2.35,1.65,-2.35,0.41,+0.41,9.94,9.83,0.06,0.06,0.01,0.07,0.07,0.36,0.35,1,0
Liverpool,Divock Origi,F,21,494,3,3,1,2.00,1.09,1.99,-1.01,1.99,-1.01,0.70,-0.30,3.26,0.80,0.36,0.36,0.13,0.49,0.49,0.59,0.15,0,0
Liverpool,Jordan Henderson,M,25,1898,3,3,5,0.71,1.23,0.92,-2.08,0.92,-2.08,4.12,-0.88,12.72,9.21,0.04,0.04,0.20,0.24,0.24,0.60,0.44,1,0
Liverpool,Georginio Wijnaldum,M,27,2270,3,3,0,1.07,0.36,1.52,-1.48,1.52,-1.48,0.54,+0.54,8.70,7.02,0.06,0.06,0.02,0.08,0.08,0.34,0.28,0,0
Liverpool,Alex Oxlade-Chamberlain,F M,20,1040,3,3,0,2.42,1.13,1.96,-1.04,1.96,-1.04,0.66,+0.66,4.28,1.98,0.17,0.17,0.06,0.23,0.23,0.37,0.17,1,0
Liverpool,James Milner,D M,17,646,2,0,2,1.53,1.25,2.10,+0.10,0.58,+0.58,0.90,-1.10,5.86,5.04,0.29,0.08,0.13,0.42,0.21,0.82,0.70,3,0
Liverpool,Trent Alexander-Arnold,D,28,2467,2,2,12,1.31,2.66,2.58,+0.58,2.58,+0.58,9.55,-2.45,16.70,10.56,0.09,0.09,0.35,0.44,0.44,0.61,0.39,4,0
Liverpool,Joel Matip,D,8,631,1,1,0,0.43,0.14,0.17,-0.83,0.17,-0.83,0.02,+0.02,1.35,1.33,0.02,0.02,0.00,0.03,0.03,0.19,0.19,0,0
Liverpool,Adam Lallana,M,14,360,1,1,1,1.25,1.00,0.80,-0.20,0.80,-0.20,0.65,-0.35,3.14,1.74,0.20,0.20,0.16,0.36,0.36,0.79,0.44,1,0
Liverpool,Xherdan Shaqiri,M,6,170,1,1,0,2.12,1.59,0.54,-0.46,0.54,-0.46,0.18,+0.18,0.72,0.04,0.29,0.29,0.09,0.38,0.38,0.38,0.02,0,0
Liverpool,Andrew Robertson,D,28,2448,1,1,7,0.63,1.58,1.55,+0.55,1.55,+0.55,6.12,-0.88,15.13,10.84,0.06,0.06,0.23,0.28,0.28,0.56,0.40,1,0
Liverpool,Fabinho,M,19,1344,1,1,1,0.54,1.07,0.15,-0.85,0.15,-0.85,1.17,+0.17,7.16,6.40,0.01,0.01,0.08,0.09,0.09,0.48,0.43,5,0
Liverpool,Naby Keita,M,9,358,1,1,1,1.76,2.01,1.49,+0.49,1.49,+0.49,1.54,+0.54,6.09,3.59,0.37,0.37,0.39,0.76,0.76,1.53,0.90,1,0
Liverpool,Adrian,GK,10,783,0,0,0,0.00,0.00,0.00,0,0.00,0,0.00,0,2.29,2.29,0.00,0.00,0.00,0.00,0.00,0.26,0.26,1,0
Liverpool,Dejan Lovren,D,9,759,0,0,1,0.47,0.12,0.19,+0.19,0.19,+0.19,0.30,-0.70,3.09,3.09,0.02,0.02,0.04,0.06,0.06,0.37,0.37,1,0
Liverpool,Joseph Gomez,D,18,1179,0,0,0,0.08,0.31,0.02,+0.02,0.02,+0.02,0.12,+0.12,4.21,4.07,0.00,0.00,0.01,0.01,0.01,0.32,0.31,3,0
Liverpool,Alisson,GK,20,1735,0,0,1,0.00,0.05,0.00,0,0.00,0,0.26,-0.74,4.93,4.67,0.00,0.00,0.01,0.01,0.01,0.26,0.24,0,1
Liverpool,Curtis Jones,S,2,14,0,0,0,6.43,0.00,0.08,+0.08,0.08,+0.08,0.00,0,0.27,0.19,0.51,0.51,0.00,0.51,0.51,1.75,1.24,0,0
Liverpool,Harvey Elliott,S,1,1,0,0,0,0.00,0.00,0.00,0,0.00,0,0.00,0,0.00,0.00,0.00,0.00,0.00,0.00,0.00,0.00,0.00,0,0
Liverpool,Takumi Minamino,S,3,72,0,0,0,2.50,0.00,0.55,+0.55,0.55,+0.55,0.00,0,0.58,0.08,0.69,0.69,0.00,0.69,0.69,0.73,0.11,0,0
Manchester City,Sergio Aguero,F,21,1346,16,14,3,4.81,1.27,14.71,-1.29,12.42,-1.58,2.88,-0.12,15.88,2.46,0.98,0.83,0.19,1.18,1.02,1.06,0.16,1,0
Manchester City,Raheem Sterling,F M,23,1949,11,11,1,3.19,1.62,13.31,+2.31,12.55,+1.55,5.88,+4.88,23.70,8.01,0.61,0.58,0.27,0.89,0.85,1.09,0.37,5,0
Manchester City,Gabriel Jesus,F,23,1296,10,10,4,4.65,1.11,14.12,+4.12,13.36,+3.36,1.86,-2.14,18.40,4.70,0.98,0.93,0.13,1.11,1.06,1.28,0.33,1,0
Manchester City,Kevin De Bruyne,M,26,2177,9,9,16,3.14,3.89,5.24,-3.76,5.24,-3.76,14.71,-1.29,28.68,15.51,0.22,0.22,0.61,0.82,0.82,1.19,0.64,2,0
Manchester City,Riyad Mahrez,F M,22,1352,7,7,8,3.46,2.93,4.93,-2.07,4.93,-2.07,8.01,+0.01,19.40,9.85,0.33,0.33,0.53,0.86,0.86,1.29,0.66,0,0
Manchester City,Bernardo Silva,F M,23,1434,5,5,5,2.38,2.01,5.52,+0.52,5.52,+0.52,4.29,-0.71,17.65,10.72,0.35,0.35,0.27,0.62,0.62,1.11,0.67,5,0
Manchester City,Rodri,D M,25,1863,3,3,1,0.82,1.30,0.54,-2.46,0.54,-2.46,1.77,+0.77,17.12,15.86,0.03,0.03,0.09,0.11,0.11,0.83,0.77,6,0
Manchester City,Ilkay Gundogan,M,24,1493,2,1,1,1.75,1.81,4.24,+2.24,2.72,+1.72,2.76,+1.76,15.43,11.41,0.26,0.16,0.17,0.42,0.33,0.93,0.69,7,0
Manchester City,Nicolas Otamendi,D,18,1323,2,2,0,0.88,0.27,2.01,+0.01,2.01,+0.01,0.18,+0.18,8.95,8.91,0.14,0.14,0.01,0.15,0.15,0.61,0.61,3,0
Manchester City,David Silva,M,19,1273,2,2,7,2.19,2.40,4.22,+2.22,4.22,+2.22,4.67,-2.33,15.75,8.30,0.30,0.30,0.33,0.63,0.63,1.11,0.59,0,0
Manchester City,Kyle Walker,D M,21,1815,1,1,2,0.64,0.60,1.29,+0.29,1.29,+0.29,1.28,-0.72,12.80,11.25,0.06,0.06,0.06,0.13,0.13,0.63,0.56,4,0
Manchester City,John Stones,D,12,904,0,0,0,0.60,0.20,0.55,+0.55,0.55,+0.55,0.06,+0.06,4.77,4.75,0.05,0.05,0.01,0.06,0.06,0.47,0.47,0,0
Manchester City,Fernandinho,D,22,1912,0,0,0,0.47,0.28,0.45,+0.45,0.45,+0.45,0.29,+0.29,11.38,11.30,0.02,0.02,0.01,0.04,0.04,0.54,0.53,5,1
Manchester City,Angelino,D,6,417,0,0,0,1.08,1.94,0.21,+0.21,0.21,+0.21,1.92,+1.92,2.76,2.37,0.05,0.05,0.42,0.46,0.46,0.60,0.51,1,0
Manchester City,Claudio Bravo,GK,4,347,0,0,0,0.00,0.00,0.00,0,0.00,0,0.00,0,0.69,0.69,0.00,0.00,0.00,0.00,0.00,0.18,0.18,0,0
Manchester City,Joao Cancelo,D M,10,686,0,0,0,1.05,1.18,0.23,+0.23,0.23,+0.23,1.68,+1.68,7.94,6.58,0.03,0.03,0.22,0.25,0.25,1.04,0.86,1,0
Manchester City,Aymeric Laporte,D,7,511,0,0,0,0.18,0.35,0.08,+0.08,0.08,+0.08,0.15,+0.15,3.99,3.92,0.01,0.01,0.03,0.04,0.04,0.70,0.69,1,0
Manchester City,Oleksandr Zinchenko,D M,11,828,0,0,0,1.30,1.52,0.39,+0.39,0.39,+0.39,0.74,+0.74,6.88,6.39,0.04,0.04,0.08,0.12,0.12,0.75,0.69,0,1
Manchester City,Benjamin Mendy,D M,13,1111,0,0,3,0.49,1.38,0.19,+0.19,0.19,+0.19,1.38,-1.62,8.78,8.03,0.02,0.02,0.11,0.13,0.13,0.71,0.65,2,0
Manchester City,Ederson,GK,24,2081,0,0,0,0.00,0.00,0.00,0,0.00,0,0.00,0,5.51,5.51,0.00,0.00,0.00,0.00,0.00,0.24,0.24,3,1
Manchester City,Phil Foden,M,13,258,0,0,1,2.79,3.14,0.41,+0.41,0.41,+0.41,0.57,-0.43,2.21,1.70,0.14,0.14,0.20,0.34,0.34,0.77,0.59,0,0
Manchester City,Eric Garcia,D,6,255,0,0,0,0.00,0.00,0.00,0,0.00,0,0.00,0,1.78,1.78,0.00,0.00,0.00,0.00,0.00,0.63,0.63,0,0
Leicester,Jamie Vardy,F,25,2194,17,14,4,2.34,0.66,13.39,-3.61,10.34,-3.66,3.38,-0.62,13.57,1.45,0.55,0.42,0.14,0.69,0.56,0.56,0.06,2,0
Leicester,Ayoze Perez,F M,25,1621,7,6,4,2.05,1.17,6.25,-0.75,5.49,-0.51,3.08,-0.92,10.61,3.22,0.35,0.30,0.17,0.52,0.48,0.59,0.18,0,0
Leicester,James Maddison,M,27,2321,6,6,3,2.33,2.79,4.45,-1.55,4.45,-1.55,4.85,+1.85,12.21,7.02,0.17,0.17,0.19,0.36,0.36,0.47,0.27,4,0
Leicester,Harvey Barnes,M,26,1641,4,4,6,2.58,1.65,6.06,+2.06,6.06,+2.06,3.35,-2.65,12.61,5.04,0.33,0.33,0.18,0.52,0.52,0.69,0.28,0,0
Leicester,Kelechi Iheanacho,F,11,526,3,3,3,2.91,1.88,2.48,-0.52,2.48,-0.52,2.41,-0.59,4.98,0.42,0.42,0.42,0.41,0.84,0.84,0.85,0.07,1,0
Leicester,Ricardo Pereira,D M,27,2430,3,3,2,0.67,0.93,1.26,-1.74,1.26,-1.74,3.69,+1.69,10.56,7.64,0.05,0.05,0.14,0.18,0.18,0.39,0.28,1,0
Leicester,Youri Tielemans,M,27,2149,3,3,5,1.88,1.42,2.14,-0.86,2.14,-0.86,3.47,-1.53,11.95,7.92,0.09,0.09,0.15,0.23,0.23,0.50,0.33,1,0
Leicester,Ben Chilwell,D M,23,2063,2,2,3,0.57,1.13,0.98,-1.02,0.98,-1.02,2.85,-0.15,8.55,6.81,0.04,0.04,0.12,0.17,0.17,0.37,0.30,2,0
Leicester,Wilfred Ndidi,M,22,1806,2,2,1,0.90,0.60,1.47,-0.53,1.47,-0.53,0.54,-0.46,6.77,5.89,0.07,0.07,0.03,0.10,0.10,0.34,0.29,3,0
Leicester,Demarai Gray,M,14,396,1,1,1,2.73,1.59,1.93,+0.93,1.17,+0.17,1.37,+0.37,3.28,1.22,0.44,0.27,0.31,0.75,0.58,0.74,0.28,1,0
Leicester,Jonny Evans,D,28,2490,1,1,1,0.69,0.14,1.83,+0.83,1.83,+0.83,0.18,-0.82,7.11,6.95,0.07,0.07,0.01,0.07,0.07,0.26,0.25,4,0
Leicester,Dennis Praet,M,20,901,1,1,2,1.20,0.60,1.06,+0.06,1.06,+0.06,1.03,-0.97,4.89,3.72,0.11,0.11,0.10,0.21,0.21,0.49,0.37,1,0
Leicester,Caglar Soyuncu,D,27,2430,1,1,1,0.48,0.15,0.80,-0.20,0.80,-0.20,0.28,-0.72,3.81,3.74,0.03,0.03,0.01,0.04,0.04,0.14,0.14,4,0
Leicester,Hamza Choudhury,M,16,773,1,1,1,0.82,0.47,0.34,-0.66,0.34,-0.66,0.11,-0.89,2.71,2.49,0.04,0.04,0.01,0.05,0.05,0.32,0.29,2,1
Leicester,Kasper Schmeichel,GK,28,2520,0,0,0,0.00,0.04,0.00,0,0.00,0,0.19,+0.19,2.64,2.45,0.00,0.00,0.01,0.01,0.01,0.09,0.09,2,0
Leicester,Wes Morgan,D,8,148,0,0,0,1.22,0.00,0.50,+0.50,0.50,+0.50,0.00,0,0.65,0.20,0.31,0.31,0.00,0.31,0.31,0.40,0.12,0,0
Leicester,Christian Fuchs,D,8,631,0,0,0,0.71,0.29,0.18,+0.18,0.18,+0.18,0.10,+0.10,2.60,2.53,0.03,0.03,0.01,0.04,0.04,0.37,0.36,0,0
Leicester,Marc Albrighton,M,13,368,0,0,1,1.47,2.45,0.21,+0.21,0.21,+0.21,1.36,+0.36,2.12,1.13,0.05,0.05,0.33,0.38,0.38,0.52,0.28,1,0
Leicester,Nampalys Mendy,M,4,197,0,0,0,0.46,0.91,0.02,+0.02,0.02,+0.02,0.07,+0.07,1.64,1.55,0.01,0.01,0.03,0.04,0.04,0.75,0.71,0,0
Leicester,Matthew James,S,1,3,0,0,0,0.00,0.00,0.00,0,0.00,0,0.00,0,0.00,0.00,0.00,0.00,0.00,0.00,0.00,0.00,0.00,0,0
Leicester,James Justin,D,3,105,0,0,1,0.00,1.71,0.00,0,0.00,0,0.48,-0.52,1.15,0.68,0.00,0.00,0.41,0.41,0.41,0.99,0.58,0,0
Chelsea,Tammy Abraham,F,25,1976,13,13,3,3.32,0.91,13.43,+0.43,13.43,+0.43,2.85,-0.15,15.41,0.95,0.61,0.61,0.13,0.74,0.74,0.70,0.04,2,0
Chelsea,Christian Pulisic,F M,16,1083,5,5,2,3.32,1.58,6.16,+1.16,6.16,+1.16,2.26,+0.26,10.00,4.01,0.51,0.51,0.19,0.70,0.70,0.83,0.33,0,0
Chelsea,Mason Mount,F M,28,2251,5,5,4,2.64,1.68,5.69,+0.69,5.69,+0.69,4.38,+0.38,13.01,6.91,0.23,0.23,0.18,0.40,0.40,0.52,0.28,3,0
Chelsea,Willian,F M,27,1857,4,3,4,2.42,2.33,4.23,+0.23,3.46,+0.46,5.08,+1.08,12.95,7.21,0.20,0.17,0.25,0.45,0.41,0.63,0.35,3,0
Chelsea,Jorginho,M,26,2025,4,1,2,0.53,0.98,3.10,-0.90,0.82,-0.18,2.85,+0.85,12.38,11.48,0.14,0.04,0.13,0.26,0.16,0.55,0.51,10,0
Chelsea,Marcos Alonso,D M,10,771,4,4,2,1.98,1.75,1.55,-2.45,1.55,-2.45,2.04,+0.04,6.06,3.89,0.18,0.18,0.24,0.42,0.42,0.71,0.45,3,0
Chelsea,N'Golo Kante,M,18,1382,3,3,0,1.04,1.56,1.51,-1.49,1.51,-1.49,1.46,+1.46,5.66,3.33,0.10,0.10,0.09,0.19,0.19,0.37,0.22,3,0
Chelsea,Cesar Azpilicueta,D M,26,2334,2,2,3,0.77,1.20,2.20,+0.20,2.20,+0.20,4.32,+1.32,11.69,9.65,0.08,0.08,0.17,0.25,0.25,0.45,0.37,0,0
Chelsea,Antonio Rudiger,D,12,1038,2,2,0,0.78,0.17,0.76,-1.24,0.76,-1.24,0.44,+0.44,2.22,2.19,0.07,0.07,0.04,0.10,0.10,0.19,0.19,3,0
Chelsea,Olivier Giroud,F,8,354,1,1,0,2.54,1.27,1.60,+0.60,1.60,+0.60,0.85,+0.85,3.21,0.87,0.41,0.41,0.22,0.62,0.62,0.82,0.22,0,0
Chelsea,Fikayo Tomori,D,15,1299,1,1,0,0.48,0.28,0.56,-0.44,0.56,-0.44,0.12,+0.12,5.06,4.99,0.04,0.04,0.01,0.05,0.05,0.35,0.35,3,0
Chelsea,Michy Batshuayi,F,16,194,1,1,1,6.96,1.39,2.94,+1.94,2.94,+1.94,0.20,-0.80,3.11,0.30,1.36,1.36,0.09,1.46,1.46,1.44,0.14,0,0
Chelsea,Mateo Kovacic,M,25,1687,1,1,3,0.96,1.33,0.88,-0.12,0.88,-0.12,1.66,-1.34,8.40,7.50,0.05,0.05,0.09,0.14,0.14,0.45,0.40,7,0
Chelsea,Callum Hudson-Odoi,F M,17,751,1,1,4,2.52,2.16,2.01,+1.01,2.01,+1.01,2.30,-1.70,5.49,2.48,0.24,0.24,0.28,0.52,0.52,0.66,0.30,1,0
Chelsea,Andreas Christensen,D,15,1260,0,0,0,0.43,0.21,0.48,+0.48,0.48,+0.48,0.43,+0.43,4.01,3.66,0.03,0.03,0.03,0.07,0.07,0.29,0.26,5,0
Chelsea,Ross Barkley,M,12,577,0,0,1,4.06,2.03,2.18,+2.18,2.18,+2.18,1.85,+0.85,7.29,4.55,0.34,0.34,0.29,0.63,0.63,1.14,0.71,0,0
Chelsea,Willy Caballero,GK,4,360,0,0,0,0.00,0.00,0.00,0,0.00,0,0.00,0,0.08,0.08,0.00,0.00,0.00,0.00,0.00,0.02,0.02,0,0
Chelsea,Pedro,F M,8,569,0,0,0,2.85,2.37,1.76,+1.76,1.76,+1.76,0.90,+0.90,3.83,1.46,0.28,0.28,0.14,0.42,0.42,0.61,0.23,1,0
Chelsea,Kurt Zouma,D,21,1710,0,0,0,0.63,0.05,0.98,+0.98,0.98,+0.98,0.12,+0.12,6.08,6.07,0.05,0.05,0.01,0.06,0.06,0.32,0.32,4,0
Chelsea,Emerson,D M,14,1018,0,0,0,1.15,1.68,1.10,+1.10,1.10,+1.10,1.73,+1.73,6.92,5.45,0.10,0.10,0.15,0.25,0.25,0.61,0.48,3,0
Chelsea,Kepa,GK,24,2160,0,0,0,0.00,0.00,0.00,0,0.00,0,0.00,0,3.32,3.32,0.00,0.00,0.00,0.00,0.00,0.14,0.14,0,0
Chelsea,Billy Gilmour,S,2,6,0,0,0,0.00,15.00,0.00,0,0.00,0,0.04,+0.04,0.04,0.00,0.00,0.00,0.61,0.61,0.61,0.61,0.00,0,0
Chelsea,Reece James,D M,16,1037,0,0,2,1.30,1.39,0.73,+0.73,0.73,+0.73,1.33,-0.67,4.24,3.44,0.06,0.06,0.12,0.18,0.18,0.37,0.30,1,0
Chelsea,Tariq Lamptey,S,1,26,0,0,0,0.00,3.46,0.00,0,0.00,0,0.07,+0.07,0.07,0.00,0.00,0.00,0.24,0.24,0.24,0.24,0.00,0,0
Manchester United,Marcus Rashford,F M,22,1890,14,9,4,3.52,1.14,15.11,+1.11,9.78,+0.78,3.20,-0.80,12.89,2.94,0.72,0.47,0.15,0.87,0.62,0.61,0.14,2,0
Manchester United,Anthony Martial,F,21,1731,10,10,3,2.81,1.04,8.39,-1.61,7.62,-2.38,2.54,-0.46,12.71,4.75,0.44,0.40,0.13,0.57,0.53,0.66,0.25,1,0
Manchester United,Mason Greenwood,F M,21,545,5,5,0,3.30,1.16,1.95,-3.05,1.95,-3.05,0.26,+0.26,3.49,1.63,0.32,0.32,0.04,0.36,0.36,0.58,0.27,0,0
Manchester United,Daniel James,F M,26,2098,3,3,6,1.59,1.07,3.16,+0.16,3.16,+0.16,4.18,-1.82,10.34,5.10,0.14,0.14,0.18,0.32,0.32,0.44,0.22,3,0
Manchester United,Scott McTominay,M,18,1475,2,2,1,1.65,0.92,1.84,-0.16,1.84,-0.16,1.42,+0.42,5.09,4.01,0.11,0.11,0.09,0.20,0.20,0.31,0.24,2,0
Manchester United,Andreas Pereira,M,23,1470,1,1,3,2.27,1.84,2.29,+1.29,2.29,+1.29,3.63,+0.63,8.87,4.52,0.14,0.14,0.22,0.36,0.36,0.54,0.28,3,0
Manchester United,Bruno Fernandes,M,3,270,1,0,2,3.33,2.33,1.13,+0.13,0.37,+0.37,0.69,-1.31,0.64,0.17,0.38,0.12,0.23,0.61,0.35,0.21,0.06,1,0
Manchester United,Harry Maguire,D,27,2430,1,1,0,0.93,0.48,2.08,+1.08,2.08,+1.08,0.39,+0.39,6.56,6.26,0.08,0.08,0.01,0.09,0.09,0.24,0.23,2,0
Manchester United,Victor Lindelof,D,24,2160,1,1,0,0.21,0.17,0.16,-0.84,0.16,-0.84,0.37,+0.37,5.33,5.31,0.01,0.01,0.02,0.02,0.02,0.22,0.22,4,0
Manchester United,Brandon Williams,D M,10,689,1,1,0,0.65,1.18,0.92,-0.08,0.92,-0.08,0.31,+0.31,4.42,3.40,0.12,0.12,0.04,0.16,0.16,0.58,0.44,5,0
Manchester United,David de Gea,GK,27,2430,0,0,0,0.00,0.00,0.00,0,0.00,0,0.00,0,2.34,2.34,0.00,0.00,0.00,0.00,0.00,0.09,0.09,2,0
Manchester United,Marcos Rojo,D,3,119,0,0,0,0.76,0.00,0.13,+0.13,0.13,+0.13,0.00,0,0.03,0.03,0.10,0.10,0.00,0.10,0.10,0.02,0.02,1,0
Manchester United,Juan Mata,M,16,712,0,0,2,1.26,2.15,1.21,+1.21,1.21,+1.21,1.95,-0.05,4.24,2.67,0.15,0.15,0.25,0.40,0.40,0.54,0.34,1,0
Manchester United,Jesse Lingard,M,20,885,0,0,0,2.03,1.93,1.89,+1.89,1.89,+1.89,1.06,+1.06,6.65,3.90,0.19,0.19,0.11,0.30,0.30,0.68,0.40,3,0
Manchester United,Odion Ighalo,S,2,10,0,0,0,27.00,0.00,0.48,+0.48,0.48,+0.48,0.00,0,0.48,0.00,4.35,4.35,0.00,4.35,4.35,4.35,0.00,0,0
Manchester United,Ashley Young,D M,12,956,0,0,0,0.28,1.79,0.08,+0.08,0.08,+0.08,1.67,+1.67,3.16,2.88,0.01,0.01,0.16,0.16,0.16,0.30,0.27,5,0
Manchester United,Nemanja Matic,M,10,783,0,0,0,0.46,0.80,0.16,+0.16,0.16,+0.16,0.47,+0.47,3.11,2.54,0.02,0.02,0.05,0.07,0.07,0.36,0.29,1,0
Manchester United,Axel Tuanzebe,D,5,186,0,0,0,0.00,0.00,0.00,0,0.00,0,0.00,0,0.17,0.17,0.00,0.00,0.00,0.00,0.00,0.08,0.08,0,0
Manchester United,Phil Jones,D,2,137,0,0,0,1.31,0.00,0.08,+0.08,0.08,+0.08,0.00,0,0.35,0.35,0.05,0.05,0.00,0.05,0.05,0.23,0.23,0,0
Manchester United,Luke Shaw,D,16,1051,0,0,0,0.69,0.86,0.36,+0.36,0.36,+0.36,0.51,+0.51,3.05,2.67,0.03,0.03,0.04,0.08,0.08,0.26,0.23,4,0
Manchester United,Eric Bailly,D,1,90,0,0,0,0.00,0.00,0.00,0,0.00,0,0.00,0,0.00,0.00,0.00,0.00,0.00,0.00,0.00,0.00,0.00,0,0
Manchester United,Paul Pogba,M,7,517,0,0,2,2.44,2.79,1.90,+1.90,1.14,+1.14,1.40,-0.60,3.79,2.71,0.33,0.20,0.24,0.57,0.44,0.66,0.47,0,0
Manchester United,Aaron Wan-Bissaka,D M,24,2152,0,0,2,0.21,0.75,0.47,+0.47,0.47,+0.47,2.69,+0.69,8.78,6.95,0.02,0.02,0.11,0.13,0.13,0.37,0.29,5,0
Manchester United,Angel Gomes,S,2,17,0,0,0,0.00,10.59,0.00,0,0.00,0,0.23,+0.23,0.25,0.16,0.00,0.00,1.21,1.21,1.21,1.34,0.86,0,0
Manchester United,Fred,M,23,1843,0,0,0,1.76,1.61,1.31,+1.31,1.31,+1.31,2.20,+2.20,9.61,7.60,0.06,0.06,0.11,0.17,0.17,0.47,0.37,5,0
Manchester United,Diogo Dalot,D,4,65,0,0,0,1.38,0.00,0.35,+0.35,0.35,+0.35,0.00,0,0.37,0.02,0.48,0.48,0.00,0.48,0.48,0.51,0.03,0,0
Manchester United,James Garner,S,1,5,0,0,0,0.00,0.00,0.00,0,0.00,0,0.00,0,0.04,0.04,0.00,0.00,0.00,0.00,0.00,0.65,0.65,0,0
Manchester United,Tahith Chong,S,3,29,0,0,0,3.10,0.00,0.07,+0.07,0.07,+0.07,0.00,0,0.09,0.01,0.22,0.22,0.00,0.22,0.22,0.27,0.04,0,0
Tottenham,Harry Kane,F,20,1785,11,9,2,2.87,1.01,7.90,-3.10,6.38,-2.62,1.96,-0.04,10.01,2.43,0.40,0.32,0.10,0.50,0.42,0.50,0.12,2,0
Tottenham,Son Heung-Min,F M,21,1764,9,9,7,3.27,1.53,7.87,-1.13,7.11,-1.89,5.19,-1.81,14.96,5.20,0.40,0.36,0.26,0.67,0.63,0.76,0.27,0,2
Tottenham,Dele Alli,F M,20,1596,7,7,3,1.92,1.18,6.10,-0.90,6.10,-0.90,3.40,+0.40,14.64,5.94,0.34,0.34,0.19,0.54,0.54,0.83,0.33,2,0
Tottenham,Lucas Moura,F M,25,1549,4,4,2,2.38,1.51,4.72,+0.72,4.72,+0.72,2.06,+0.06,8.35,2.29,0.27,0.27,0.12,0.39,0.39,0.49,0.13,2,0
Tottenham,Erik Lamela,F M,16,850,2,2,1,2.44,1.59,1.72,-0.28,1.72,-0.28,0.92,-0.08,4.73,2.83,0.18,0.18,0.10,0.28,0.28,0.50,0.30,2,0
Tottenham,Christian Eriksen,F M,20,1075,2,2,2,2.18,1.93,1.76,-0.24,1.76,-0.24,2.26,+0.26,4.12,1.82,0.15,0.15,0.19,0.34,0.34,0.35,0.15,5,0
Tottenham,Moussa Sissoko,D M,20,1694,2,2,1,0.69,0.58,2.45,+0.45,2.45,+0.45,1.55,+0.55,8.13,5.14,0.13,0.13,0.08,0.21,0.21,0.43,0.27,6,0
Tottenham,Tanguy NDombele Alvaro,M,17,883,2,2,2,0.92,1.22,0.35,-1.65,0.35,-1.65,0.80,-1.20,4.45,4.07,0.04,0.04,0.08,0.12,0.12,0.45,0.41,2,0
Tottenham,Toby Alderweireld,D,26,2329,1,1,2,0.35,0.43,0.28,-0.72,0.28,-0.72,1.23,-0.77,6.84,5.74,0.01,0.01,0.05,0.06,0.06,0.26,0.22,4,0
Tottenham,Jan Vertonghen,D,18,1463,1,1,1,0.18,0.18,0.60,-0.40,0.60,-0.40,1.02,+0.02,3.42,2.80,0.04,0.04,0.06,0.10,0.10,0.21,0.17,2,0
Tottenham,Steven Bergwijn,F M,3,243,1,1,0,1.85,1.85,0.45,-0.55,0.45,-0.55,0.23,+0.23,0.95,0.49,0.17,0.17,0.08,0.25,0.25,0.35,0.18,0,0
Tottenham,Hugo Lloris,GK,11,908,0,0,0,0.00,0.00,0.00,0,0.00,0,0.00,0,0.38,0.38,0.00,0.00,0.00,0.00,0.00,0.04,0.04,0,0
Tottenham,Danny Rose,D M,12,895,0,0,0,0.20,1.11,0.09,+0.09,0.09,+0.09,0.68,+0.68,1.71,1.40,0.01,0.01,0.07,0.08,0.08,0.17,0.14,5,0
Tottenham,Eric Dier,D M,12,709,0,0,2,0.51,0.76,0.85,+0.85,0.85,+0.85,0.22,-1.78,4.36,3.46,0.11,0.11,0.03,0.14,0.14,0.55,0.44,4,0
Tottenham,Ben Davies,D,8,540,0,0,0,0.17,0.50,0.03,+0.03,0.03,+0.03,0.39,+0.39,2.05,2.02,0.00,0.00,0.06,0.07,0.07,0.34,0.34,1,0
Tottenham,Victor Wanyama,S,2,21,0,0,0,0.00,0.00,0.00,0,0.00,0,0.00,0,0.13,0.13,0.00,0.00,0.00,0.00,0.00,0.55,0.55,1,0
Tottenham,Kyle Walker-Peters,D,3,245,0,0,0,0.37,0.73,0.02,+0.02,0.02,+0.02,0.07,+0.07,0.49,0.47,0.01,0.01,0.03,0.03,0.03,0.18,0.17,0,0
Tottenham,Harry Winks,M,22,1515,0,0,0,0.48,0.71,0.21,+0.21,0.21,+0.21,0.80,+0.80,6.37,5.61,0.01,0.01,0.05,0.06,0.06,0.38,0.33,7,0
Tottenham,Paulo Gazzaniga,GK,17,1522,0,0,0,0.00,0.06,0.00,0,0.00,0,0.40,+0.40,2.30,1.90,0.00,0.00,0.02,0.02,0.02,0.14,0.11,1,0
Tottenham,Georges-Kevin Nkoudou,S,1,1,0,0,0,90.00,0.00,0.06,+0.06,0.06,+0.06,0.00,0,0.06,0.00,5.07,5.07,0.00,5.07,5.07,5.07,0.00,0,0
Tottenham,Serge Aurier,D M,22,1828,0,0,4,0.49,1.23,0.37,+0.37,0.37,+0.37,3.17,-0.83,8.11,5.15,0.02,0.02,0.16,0.17,0.17,0.40,0.25,1,1
Tottenham,Giovani Lo Celso,M,17,717,0,0,0,1.13,1.76,0.91,+0.91,0.91,+0.91,0.65,+0.65,4.06,2.93,0.11,0.11,0.08,0.20,0.20,0.51,0.37,3,0
Tottenham,Davinson Sanchez,D,20,1712,0,0,0,0.21,0.05,0.60,+0.60,0.60,+0.60,0.04,+0.04,5.27,5.23,0.03,0.03,0.00,0.03,0.03,0.28,0.28,4,0
Tottenham,Juan Foyth,D,4,67,0,0,0,0.00,1.34,0.00,0,0.00,0,0.02,+0.02,0.10,0.10,0.00,0.00,0.03,0.03,0.03,0.13,0.13,1,0
Tottenham,Ryan Sessegnon,D M,6,341,0,0,0,0.26,0.53,0.09,+0.09,0.09,+0.09,0.05,+0.05,0.53,0.40,0.02,0.02,0.01,0.04,0.04,0.14,0.11,0,0
Tottenham,Oliver Skipp,S,3,9,0,0,0,0.00,0.00,0.00,0,0.00,0,0.00,0,0.00,0.00,0.00,0.00,0.00,0.00,0.00,0.00,0.00,0,0
Tottenham,Troy Parrott,S,1,2,0,0,0,0.00,0.00,0.00,0,0.00,0,0.00,0,0.00,0.00,0.00,0.00,0.00,0.00,0.00,0.00,0.00,0,0
Tottenham,Japhet Tanganga,D,4,360,0,0,0,0.25,0.00,0.02,+0.02,0.02,+0.02,0.00,0,0.34,0.32,0.00,0.00,0.00,0.00,0.00,0.08,0.08,1,0
Tottenham,Gedson Fernandes,S,3,26,0,0,0,3.46,3.46,0.05,+0.05,0.05,+0.05,0.02,+0.02,0.12,0.05,0.18,0.18,0.06,0.23,0.23,0.40,0.17,0,0
Sheffield United,Lys Mousset,F,23,1015,5,5,4,2.93,1.06,4.86,-0.14,4.86,-0.14,3.61,-0.39,8.53,2.58,0.43,0.43,0.32,0.75,0.75,0.76,0.23,1,0
Sheffield United,John Fleck,M,24,2098,5,5,2,1.33,1.50,3.24,-1.76,3.24,-1.76,3.07,+1.07,10.13,5.25,0.14,0.14,0.13,0.27,0.27,0.43,0.23,7,0
Sheffield United,Oliver McBurnie,F,25,1339,4,4,0,2.42,0.47,6.15,+2.15,6.15,+2.15,0.67,+0.67,6.21,1.96,0.41,0.41,0.04,0.46,0.46,0.42,0.13,3,0
Sheffield United,John Lundstram,M,26,1978,4,4,2,1.59,0.82,4.63,+0.63,4.63,+0.63,2.90,+0.90,9.17,3.82,0.21,0.21,0.13,0.34,0.34,0.42,0.17,4,0
Sheffield United,George Baldock,M,27,2430,2,2,3,0.33,0.56,0.49,-1.51,0.49,-1.51,0.98,-2.02,5.90,5.04,0.02,0.02,0.04,0.05,0.05,0.22,0.19,6,0
Sheffield United,Enda Stevens,M,27,2388,2,2,2,0.57,1.09,1.11,-0.89,1.11,-0.89,4.42,+2.42,11.11,8.01,0.04,0.04,0.17,0.21,0.21,0.42,0.30,5,0
Sheffield United,Billy Sharp,F,17,589,2,2,0,1.38,1.38,2.46,+0.46,2.46,+0.46,1.49,+1.49,3.50,1.04,0.38,0.38,0.23,0.60,0.60,0.54,0.16,1,1
Sheffield United,Callum Robinson,F,16,674,1,1,1,1.60,0.53,1.56,+0.56,1.56,+0.56,0.65,-0.35,2.84,0.70,0.21,0.21,0.09,0.30,0.30,0.38,0.09,1,0
Sheffield United,Oliver Norwood,M,27,2306,1,0,0,0.66,1.52,1.34,+0.34,0.58,+0.58,3.33,+3.33,7.16,6.33,0.05,0.02,0.13,0.18,0.15,0.28,0.25,6,0
Sheffield United,Phil Jagielka,D,4,123,0,0,0,0.00,0.00,0.00,0,0.00,0,0.00,0,0.04,0.04,0.00,0.00,0.00,0.00,0.00,0.03,0.03,0,0
Sheffield United,Muhamed Besic,M,9,236,0,0,0,1.53,0.38,0.15,+0.15,0.15,+0.15,0.09,+0.09,1.20,0.98,0.06,0.06,0.03,0.09,0.09,0.46,0.38,2,0
Sheffield United,Ravel Morrison,S,1,11,0,0,0,8.18,0.00,0.03,+0.03,0.03,+0.03,0.00,0,0.00,0.00,0.22,0.22,0.00,0.22,0.22,0.00,0.00,0,0
Sheffield United,Dean Henderson,GK,26,2340,0,0,0,0.04,0.00,0.03,+0.03,0.03,+0.03,0.00,0,0.26,0.26,0.00,0.00,0.00,0.00,0.00,0.01,0.01,2,0
Sheffield United,John Egan,D,26,2332,0,0,0,0.66,0.00,1.46,+1.46,1.46,+1.46,0.00,0,3.13,2.99,0.06,0.06,0.00,0.06,0.06,0.12,0.12,2,0
Sheffield United,Chris Basham,D,27,2360,0,0,0,0.19,0.34,0.28,+0.28,0.28,+0.28,1.07,+1.07,3.28,2.86,0.01,0.01,0.04,0.05,0.05,0.13,0.11,4,0
Sheffield United,Jack O'Connell,D,27,2430,0,0,1,0.48,0.52,0.70,+0.70,0.70,+0.70,3.42,+2.42,6.85,5.64,0.03,0.03,0.13,0.15,0.15,0.25,0.21,3,0
Sheffield United,David McGoldrick,F,20,1353,0,0,2,2.33,0.80,7.19,+7.19,7.19,+7.19,1.49,-0.51,9.80,2.67,0.48,0.48,0.10,0.58,0.58,0.65,0.18,2,0
Sheffield United,Luke Freeman,M,9,322,0,0,0,0.56,0.84,0.03,+0.03,0.03,+0.03,0.19,+0.19,0.66,0.44,0.01,0.01,0.05,0.06,0.06,0.18,0.12,2,0
Sheffield United,Ben Osborn,S,6,89,0,0,0,0.00,2.02,0.00,0,0.00,0,0.53,+0.53,1.25,0.73,0.00,0.00,0.53,0.53,0.53,1.27,0.74,0,0
Sheffield United,Simon Moore,GK,1,90,0,0,0,0.00,0.00,0.00,0,0.00,0,0.00,0,0.00,0.00,0.00,0.00,0.00,0.00,0.00,0.00,0.00,0,0
Sheffield United,Leon Clarke,S,1,12,0,0,0,7.50,0.00,0.43,+0.43,0.43,+0.43,0.00,0,0.49,0.06,3.21,3.21,0.00,3.21,3.21,3.66,0.45,0,0
Sheffield United,Sander Berge,M,3,216,0,0,0,0.42,0.00,0.05,+0.05,0.05,+0.05,0.00,0,0.02,0.02,0.02,0.02,0.00,0.02,0.02,0.01,0.01,0,0
Wolverhampton Wanderers,Raul Jimenez,F,27,2293,12,9,6,3.53,1.57,12.84,+0.84,10.56,+1.56,6.50,+0.50,18.38,4.68,0.50,0.41,0.26,0.76,0.67,0.72,0.18,3,0
Wolverhampton Wanderers,Diogo Jota,F M,23,1639,5,5,0,2.91,1.15,8.85,+3.85,8.85,+3.85,1.18,+1.18,11.71,3.75,0.49,0.49,0.06,0.55,0.55,0.64,0.21,3,0
Wolverhampton Wanderers,Adama Traore,F M,26,1967,4,4,7,1.46,1.69,2.07,-1.93,2.07,-1.93,5.86,-1.14,11.03,4.65,0.09,0.09,0.27,0.36,0.36,0.50,0.21,0,0
Wolverhampton Wanderers,Matt Doherty,D M,25,1966,3,3,1,1.19,0.64,5.35,+2.35,5.35,+2.35,1.24,+0.24,10.70,5.22,0.25,0.25,0.06,0.30,0.30,0.49,0.24,1,0
Wolverhampton Wanderers,Romain Saiss,D M,23,1802,2,2,1,0.95,0.50,2.90,+0.90,2.90,+0.90,1.06,+0.06,7.87,7.08,0.15,0.15,0.05,0.20,0.20,0.39,0.35,7,1
Wolverhampton Wanderers,Patrick Cutrone,F,12,291,2,2,0,3.40,0.62,2.29,+0.29,2.29,+0.29,0.48,+0.48,2.31,0.00,0.71,0.71,0.15,0.86,0.86,0.71,0.00,0,0
Wolverhampton Wanderers,Pedro Neto,F M,20,705,2,2,2,1.66,1.40,1.53,-0.47,1.53,-0.47,2.35,+0.35,6.38,3.81,0.20,0.20,0.30,0.50,0.50,0.81,0.49,2,0
Wolverhampton Wanderers,Ruben Neves,M,27,2141,2,2,1,1.81,0.71,1.13,-0.87,1.13,-0.87,1.30,+0.30,9.60,8.40,0.05,0.05,0.05,0.10,0.10,0.40,0.35,7,0
Wolverhampton Wanderers,Leander Dendoncker,D M,27,2187,2,2,0,0.45,0.21,1.94,-0.06,1.94,-0.06,0.56,+0.56,8.49,7.81,0.08,0.08,0.02,0.10,0.10,0.35,0.32,3,0
Wolverhampton Wanderers,Jonny,M,26,2210,1,1,1,0.69,0.81,1.45,+0.45,1.45,+0.45,1.44,+0.44,8.03,5.61,0.06,0.06,0.06,0.12,0.12,0.33,0.23,4,0
Wolverhampton Wanderers,Joao Moutinho,M,27,2255,1,1,6,0.72,2.31,0.59,-0.41,0.59,-0.41,5.05,-0.95,8.46,7.48,0.02,0.02,0.20,0.22,0.22,0.34,0.30,5,0
Wolverhampton Wanderers,Ryan Bennett,D,11,606,0,0,0,0.15,0.30,0.02,+0.02,0.02,+0.02,0.09,+0.09,0.80,0.71,0.00,0.00,0.01,0.02,0.02,0.12,0.10,2,0
Wolverhampton Wanderers,Jesus Vallejo,D,2,163,0,0,0,0.00,0.00,0.00,0,0.00,0,0.00,0,0.06,0.06,0.00,0.00,0.00,0.00,0.00,0.03,0.03,1,0
Wolverhampton Wanderers,Rui Patricio,GK,27,2430,0,0,0,0.00,0.00,0.00,0,0.00,0,0.00,0,1.95,1.95,0.00,0.00,0.00,0.00,0.00,0.07,0.07,0,0
Wolverhampton Wanderers,Willy Boly,D,11,990,0,0,1,0.09,0.45,0.01,+0.01,0.01,+0.01,0.91,-0.09,2.93,2.08,0.00,0.00,0.08,0.08,0.08,0.27,0.19,0,1
Wolverhampton Wanderers,Conor Coady,D,27,2430,0,0,0,0.00,0.19,0.00,0,0.00,0,0.53,+0.53,7.13,6.69,0.00,0.00,0.02,0.02,0.02,0.26,0.25,3,0
Wolverhampton Wanderers,Ruben Vinagre,M,11,331,0,0,0,1.36,0.82,0.30,+0.30,0.30,+0.30,0.59,+0.59,1.65,1.17,0.08,0.08,0.16,0.24,0.24,0.45,0.32,1,0
Wolverhampton Wanderers,Morgan Gibbs-White,M,4,116,0,0,0,1.55,2.33,0.07,+0.07,0.07,+0.07,0.07,+0.07,0.31,0.19,0.06,0.06,0.05,0.11,0.11,0.24,0.15,0,0
Wolverhampton Wanderers,Max Kilman,D,3,183,0,0,0,0.00,0.00,0.00,0,0.00,0,0.00,0,0.04,0.04,0.00,0.00,0.00,0.00,0.00,0.02,0.02,0,0
Wolverhampton Wanderers,Daniel Podence,S,2,21,0,0,0,4.29,4.29,0.11,+0.11,0.11,+0.11,0.09,+0.09,0.23,0.12,0.48,0.48,0.40,0.88,0.88,1.00,0.52,0,0
Burnley,Chris Wood,F,25,1993,10,10,1,2.12,0.68,12.90,+2.90,12.90,+2.90,0.58,-0.42,9.55,2.36,0.58,0.58,0.03,0.61,0.61,0.43,0.11,1,0
Burnley,Ashley Barnes,F,19,1386,6,5,0,2.60,0.32,6.52,+0.52,5.76,+0.76,0.31,+0.31,5.06,1.57,0.42,0.37,0.02,0.44,0.39,0.33,0.10,4,0
Burnley,Jay Rodriguez,F,27,1275,5,4,0,2.89,0.21,6.12,+1.12,5.36,+1.36,0.14,+0.14,4.52,0.27,0.43,0.38,0.01,0.44,0.39,0.32,0.02,1,0
Burnley,Ashley Westwood,M,25,2250,2,2,5,0.44,1.44,0.81,-1.19,0.81,-1.19,5.47,+0.47,6.74,4.13,0.03,0.03,0.22,0.25,0.25,0.27,0.17,8,0
Burnley,Matej Vydra,F,9,298,2,2,1,2.72,0.91,1.89,-0.11,1.89,-0.11,0.08,-0.92,1.94,0.00,0.57,0.57,0.02,0.59,0.59,0.59,0.00,0,0
Burnley,Jeff Hendrick,M,23,1854,2,2,2,0.97,0.63,1.91,-0.09,1.91,-0.09,1.35,-0.65,4.80,2.45,0.09,0.09,0.07,0.16,0.16,0.23,0.12,7,0
Burnley,Dwight McNeil,M,28,2460,2,2,5,1.21,1.50,1.22,-0.78,1.22,-0.78,6.40,+1.40,7.95,2.20,0.04,0.04,0.23,0.28,0.28,0.29,0.08,4,0
Burnley,Robbie Brady,M,14,397,1,1,2,1.81,1.81,0.84,-0.16,0.84,-0.16,0.24,-1.76,0.87,0.40,0.19,0.19,0.05,0.24,0.24,0.20,0.09,1,0
Burnley,Johann Berg Gudmundsson,M,7,399,1,1,0,2.03,2.26,0.54,-0.46,0.54,-0.46,0.68,+0.68,0.72,0.32,0.12,0.12,0.15,0.27,0.27,0.16,0.07,0,0
Burnley,James Tarkowski,D,28,2520,1,1,1,0.57,0.32,1.75,+0.75,1.75,+0.75,2.74,+1.74,1.55,1.50,0.06,0.06,0.10,0.16,0.16,0.06,0.05,7,0
Burnley,Aaron Lennon,M,15,465,0,0,0,0.19,0.39,0.02,+0.02,0.02,+0.02,0.16,+0.16,0.29,0.11,0.00,0.00,0.03,0.04,0.04,0.06,0.02,4,0
Burnley,Jack Cork,M,26,2286,0,0,0,0.63,0.47,1.19,+1.19,1.19,+1.19,1.18,+1.18,5.91,4.46,0.05,0.05,0.05,0.09,0.09,0.23,0.18,0,0
Burnley,Daniel Drinkwater,M,1,61,0,0,0,0.00,0.00,0.00,0,0.00,0,0.00,0,0.00,0.00,0.00,0.00,0.00,0.00,0.00,0.00,0.00,0,0
Burnley,Phil Bardsley,D,13,1170,0,0,1,0.62,0.38,0.14,+0.14,0.14,+0.14,0.97,-0.03,1.91,0.95,0.01,0.01,0.07,0.09,0.09,0.15,0.07,4,0
Burnley,Erik Pieters,D,15,1241,0,0,3,0.51,0.73,0.18,+0.18,0.18,+0.18,1.52,-1.48,2.75,1.12,0.01,0.01,0.11,0.12,0.12,0.20,0.08,1,0
Burnley,Matthew Lowton,D,15,1350,0,0,1,0.07,0.73,0.01,+0.01,0.01,+0.01,1.27,+0.27,3.16,2.13,0.00,0.00,0.08,0.09,0.09,0.21,0.14,2,0
Burnley,Ben Mee,D,28,2520,0,0,1,0.50,0.29,0.86,+0.86,0.86,+0.86,1.53,+0.53,1.58,1.45,0.03,0.03,0.05,0.09,0.09,0.06,0.05,7,0
Burnley,Kevin Long,S,1,1,0,0,0,0.00,0.00,0.00,0,0.00,0,0.00,0,0.00,0.00,0.00,0.00,0.00,0.00,0.00,0.00,0.00,0,0
Burnley,Nick Pope,GK,28,2520,0,0,0,0.00,0.11,0.00,0,0.00,0,0.20,+0.20,1.98,1.82,0.00,0.00,0.01,0.01,0.01,0.07,0.07,0,0
Burnley,Charlie Taylor,D,16,1279,0,0,0,0.07,0.77,0.01,+0.01,0.01,+0.01,0.70,+0.70,3.04,2.97,0.00,0.00,0.05,0.05,0.05,0.21,0.21,2,0
Burnley,Josh Brownhill,S,1,1,0,0,0,0.00,0.00,0.00,0,0.00,0,0.00,0,0.00,0.00,0.00,0.00,0.00,0.00,0.00,0.00,0.00,0,0
Arsenal,Pierre-Emerick Aubameyang,F M,25,2219,17,16,1,2.60,0.73,12.10,-4.90,11.34,-4.66,3.12,+2.12,15.04,3.98,0.49,0.46,0.13,0.62,0.59,0.61,0.16,3,1
Arsenal,Alexandre Lacazette,F,19,1289,6,6,3,2.72,1.40,5.38,-0.62,5.38,-0.62,2.89,-0.11,8.01,1.45,0.38,0.38,0.20,0.58,0.58,0.56,0.10,5,0
Arsenal,Nicolas Pepe,F M,23,1522,4,3,5,2.48,1.95,4.71,+0.71,3.95,+0.95,3.97,-1.03,9.53,4.27,0.28,0.23,0.23,0.51,0.47,0.56,0.25,3,0
Arsenal,Gabriel Martinelli,M,14,643,3,3,0,1.68,0.28,2.24,-0.76,2.24,-0.76,0.11,+0.11,3.41,1.05,0.31,0.31,0.02,0.33,0.33,0.48,0.15,1,0
Arsenal,Sokratis,D,18,1608,2,2,0,0.34,0.11,1.08,-0.92,1.08,-0.92,0.75,+0.75,3.93,3.93,0.06,0.06,0.04,0.10,0.10,0.22,0.22,5,0
Arsenal,David Luiz,D,24,2095,2,2,1,0.82,0.17,1.44,-0.56,1.44,-0.56,0.80,-0.20,7.92,7.11,0.06,0.06,0.03,0.10,0.10,0.34,0.31,4,1
Arsenal,Hector Bellerin,D M,7,626,1,1,0,0.58,0.14,0.21,-0.79,0.21,-0.79,0.13,+0.13,3.12,2.87,0.03,0.03,0.02,0.05,0.05,0.45,0.41,2,0
Arsenal,Mesut Ozil,M,17,1382,1,1,1,0.52,2.34,1.61,+0.61,1.61,+0.61,1.76,+0.76,7.55,6.01,0.11,0.11,0.11,0.22,0.22,0.49,0.39,1,0
Arsenal,Calum Chambers,D,14,1102,1,1,1,0.98,0.57,0.63,-0.37,0.63,-0.37,2.24,+1.24,4.41,3.21,0.05,0.05,0.18,0.23,0.23,0.36,0.26,5,0
Arsenal,Lucas Torreira,M,24,1364,1,1,1,1.32,0.86,1.45,+0.45,1.45,+0.45,0.83,-0.17,6.29,4.72,0.10,0.10,0.05,0.15,0.15,0.42,0.31,4,0
Arsenal,Eddie Nketiah,F,4,191,1,1,0,2.83,0.47,1.41,+0.41,1.41,+0.41,0.07,+0.07,1.56,0.08,0.66,0.66,0.03,0.70,0.70,0.73,0.04,0,0
Arsenal,Bernd Leno,GK,27,2430,0,0,0,0.00,0.00,0.00,0,0.00,0,0.00,0,4.09,4.09,0.00,0.00,0.00,0.00,0.00,0.15,0.15,2,0
Arsenal,Granit Xhaka,M,21,1830,0,0,1,0.39,0.64,0.19,+0.19,0.19,+0.19,0.85,-0.15,10.83,10.51,0.01,0.01,0.04,0.05,0.05,0.53,0.52,7,0
Arsenal,Henrikh Mkhitaryan,M,3,109,0,0,0,1.65,1.65,0.43,+0.43,0.43,+0.43,0.27,+0.27,0.87,0.29,0.35,0.35,0.23,0.58,0.58,0.72,0.24,1,0
Arsenal,Sead Kolasinac,D M,17,1103,0,0,2,0.24,0.73,0.19,+0.19,0.19,+0.19,1.28,-0.72,6.22,5.23,0.02,0.02,0.10,0.12,0.12,0.51,0.43,3,0
Arsenal,Nacho Monreal,D,3,270,0,0,0,0.33,1.00,0.04,+0.04,0.04,+0.04,0.46,+0.46,0.67,0.58,0.01,0.01,0.15,0.17,0.17,0.22,0.19,0,0
Arsenal,Shkodran Mustafi,D,8,620,0,0,1,1.02,0.15,0.47,+0.47,0.47,+0.47,0.53,-0.47,2.84,2.30,0.07,0.07,0.08,0.15,0.15,0.41,0.33,0,0
Arsenal,Rob Holding,D,2,84,0,0,0,0.00,0.00,0.00,0,0.00,0,0.00,0,0.00,0.00,0.00,0.00,0.00,0.00,0.00,0.00,0.00,0,0
Arsenal,Ainsley Maitland-Niles,D,14,1210,0,0,2,0.22,0.67,0.41,+0.41,0.41,+0.41,1.45,-0.55,4.57,3.02,0.03,0.03,0.11,0.14,0.14,0.34,0.22,3,1
Arsenal,Dani Ceballos,M,13,829,0,0,2,1.09,1.52,0.37,+0.37,0.37,+0.37,0.74,-1.26,5.97,5.27,0.04,0.04,0.08,0.12,0.12,0.65,0.57,0,0
Arsenal,Matteo Guendouzi,M,22,1584,0,0,1,0.63,0.68,0.53,+0.53,0.53,+0.53,1.06,+0.06,6.68,5.36,0.03,0.03,0.06,0.09,0.09,0.38,0.30,6,0
Arsenal,Reiss Nelson,M,10,443,0,0,0,1.63,1.02,0.68,+0.68,0.68,+0.68,0.17,+0.17,1.27,0.57,0.14,0.14,0.04,0.17,0.17,0.26,0.12,1,0
Arsenal,Joe Willock,M,19,564,0,0,0,1.44,1.60,0.80,+0.80,0.80,+0.80,0.49,+0.49,3.78,2.87,0.13,0.13,0.08,0.21,0.21,0.60,0.46,1,0
Arsenal,Emile Smith-Rowe,M,2,96,0,0,0,0.00,0.00,0.00,0,0.00,0,0.00,0,0.00,0.00,0.00,0.00,0.00,0.00,0.00,0.00,0.00,0,0
Arsenal,Bukayo Saka,D F M,17,1088,0,0,3,0.58,0.83,0.82,+0.82,0.82,+0.82,2.22,-0.78,6.07,4.34,0.07,0.07,0.18,0.25,0.25,0.50,0.36,4,0
Arsenal,Kieran Tierney,D M,5,301,0,0,0,0.60,1.20,0.07,+0.07,0.07,+0.07,0.32,+0.32,0.46,0.19,0.02,0.02,0.10,0.12,0.12,0.14,0.06,1,0
Everton,Dominic Calvert-Lewin,F,25,1753,12,12,1,3.08,0.67,11.94,-0.06,11.94,-0.06,1.16,+0.16,12.82,2.97,0.61,0.61,0.06,0.67,0.67,0.66,0.15,6,0
Everton,Richarlison,F M,25,2188,10,10,3,2.67,1.23,6.78,-3.22,6.78,-3.22,5.45,+2.45,12.90,4.04,0.28,0.28,0.22,0.50,0.50,0.53,0.17,5,0
Everton,Bernard,M,17,958,3,3,2,1.03,1.88,1.55,-1.45,1.55,-1.45,1.56,-0.44,5.16,2.37,0.15,0.15,0.15,0.29,0.29,0.48,0.22,2,0
Everton,Yerry Mina,D,25,2082,2,2,1,1.25,0.26,3.08,+1.08,3.08,+1.08,1.00,0,3.84,3.56,0.13,0.13,0.04,0.18,0.18,0.17,0.15,3,0
Everton,Alex Iwobi,F M,18,1188,1,1,0,1.59,1.36,2.32,+1.32,2.32,+1.32,1.80,+1.80,6.13,2.68,0.18,0.18,0.14,0.31,0.31,0.46,0.20,0,0
Everton,Theo Walcott,M,19,969,1,1,2,2.60,1.21,3.07,+2.07,3.07,+2.07,2.06,+0.06,6.05,1.66,0.28,0.28,0.19,0.48,0.48,0.56,0.15,1,0
Everton,Gylfi Sigurdsson,M,24,1834,1,1,2,1.67,2.21,2.39,+1.39,2.39,+1.39,3.73,+1.73,7.98,4.70,0.12,0.12,0.18,0.30,0.30,0.39,0.23,3,0
Everton,Tom Davies,M,19,1209,1,1,0,0.97,0.30,1.43,+0.43,1.43,+0.43,0.36,+0.36,3.25,2.81,0.11,0.11,0.03,0.13,0.13,0.24,0.21,6,0
Everton,Moise Kean,F,20,599,1,1,2,3.46,1.05,2.97,+1.97,2.97,+1.97,2.02,+0.02,5.35,1.01,0.45,0.45,0.30,0.75,0.75,0.80,0.15,0,0
Everton,Michael Keane,D,20,1560,1,1,0,0.63,0.12,1.82,+0.82,1.82,+0.82,0.19,+0.19,2.30,2.05,0.11,0.11,0.01,0.12,0.12,0.13,0.12,0,0
Everton,Cenk Tosun,F,5,290,1,1,0,3.41,1.24,1.08,+0.08,1.08,+0.08,0.15,+0.15,1.12,0.00,0.34,0.34,0.05,0.38,0.38,0.35,0.00,0,0
Everton,Morgan Schneiderlin,M,15,1014,0,0,0,0.53,0.36,0.34,+0.34,0.34,+0.34,0.12,+0.12,3.25,2.99,0.03,0.03,0.01,0.04,0.04,0.29,0.27,4,1
Everton,Seamus Coleman,D,17,1166,0,0,1,0.46,0.62,0.78,+0.78,0.78,+0.78,1.50,+0.50,3.64,1.86,0.06,0.06,0.12,0.18,0.18,0.28,0.14,3,1
Everton,Leighton Baines,D,4,243,0,0,0,0.37,0.74,0.04,+0.04,0.04,+0.04,0.10,+0.10,0.64,0.64,0.02,0.02,0.04,0.05,0.05,0.24,0.24,0,0
Everton,Oumar Niasse,S,3,17,0,0,0,0.00,0.00,0.00,0,0.00,0,0.00,0,0.03,0.03,0.00,0.00,0.00,0.00,0.00,0.15,0.15,0,0
Everton,Jordan Pickford,GK,27,2430,0,0,0,0.00,0.00,0.00,0,0.00,0,0.00,0,2.27,2.27,0.00,0.00,0.00,0.00,0.00,0.08,0.08,1,0
Everton,Fabian Delph,M,16,1194,0,0,0,0.23,0.53,0.05,+0.05,0.05,+0.05,0.47,+0.47,4.65,4.45,0.00,0.00,0.04,0.04,0.04,0.35,0.34,3,1
Everton,Mason Holgate,D M,20,1547,0,0,3,0.64,0.17,1.34,+1.34,1.34,+1.34,1.10,-1.90,4.86,4.21,0.08,0.08,0.06,0.14,0.14,0.28,0.24,3,0
Everton,Lucas Digne,D M,25,2160,0,0,5,0.92,2.42,0.88,+0.88,0.88,+0.88,5.25,+0.25,6.56,4.54,0.04,0.04,0.22,0.26,0.26,0.27,0.19,2,0
Everton,Andre Gomes,M,9,611,0,0,0,0.29,0.88,0.04,+0.04,0.04,+0.04,0.36,+0.36,2.21,1.81,0.01,0.01,0.05,0.06,0.06,0.33,0.27,4,0
Everton,Djibril Sidibe,D M,19,1487,0,0,4,0.54,1.03,0.24,+0.24,0.24,+0.24,2.43,-1.57,6.48,3.88,0.01,0.01,0.15,0.16,0.16,0.39,0.23,2,0
Everton,Jean-Philippe Gbamin,M,2,135,0,0,0,0.00,0.00,0.00,0,0.00,0,0.00,0,0.00,0.00,0.00,0.00,0.00,0.00,0.00,0.00,0.00,0,0
Everton,Anthony Gordon,S,1,43,0,0,0,4.19,0.00,0.12,+0.12,0.12,+0.12,0.00,0,0.12,0.00,0.26,0.26,0.00,0.26,0.26,0.26,0.00,0,0
Crystal Palace,Jordan Ayew,F M,27,2324,7,7,1,1.67,0.81,6.09,-0.91,6.09,-0.91,1.98,+0.98,9.34,2.60,0.24,0.24,0.08,0.31,0.31,0.36,0.10,4,0
Crystal Palace,Wilfried Zaha,F M,28,2452,3,3,3,1.50,1.06,3.36,+0.36,3.36,+0.36,2.93,-0.07,8.54,3.49,0.12,0.12,0.11,0.23,0.23,0.31,0.13,3,0
Crystal Palace,Patrick van Aanholt,D,21,1803,3,2,0,1.00,1.15,1.58,-1.42,0.82,-1.18,2.08,+2.08,3.61,2.75,0.08,0.04,0.10,0.18,0.14,0.18,0.14,0,0
Crystal Palace,Jeffrey Schlupp,D F M,14,858,2,2,1,1.47,0.73,1.53,-0.47,1.53,-0.47,0.95,-0.05,3.00,1.00,0.16,0.16,0.10,0.26,0.26,0.31,0.10,2,0
Crystal Palace,Luka Milivojevic,M,22,1968,2,0,1,1.10,1.19,2.15,+0.15,0.62,+0.62,1.66,+0.66,3.39,2.89,0.10,0.03,0.08,0.17,0.10,0.15,0.13,9,0
Crystal Palace,Connor Wickham,S,6,78,1,1,1,3.46,3.46,0.99,-0.01,0.99,-0.01,0.40,-0.60,1.32,0.02,1.14,1.14,0.46,1.60,1.60,1.53,0.02,0,0
Crystal Palace,James Tomkins,D,18,1589,1,1,1,0.51,0.11,1.05,+0.05,1.05,+0.05,0.12,-0.88,2.65,2.53,0.06,0.06,0.01,0.07,0.07,0.15,0.14,5,0
Crystal Palace,Cheikhou Kouyate,D M,26,1918,1,1,1,1.03,0.47,2.01,+1.01,2.01,+1.01,0.77,-0.23,3.26,1.21,0.09,0.09,0.04,0.13,0.13,0.15,0.06,1,0
Crystal Palace,Christian Benteke,F,19,816,1,1,1,2.98,1.54,2.93,+1.93,2.93,+1.93,1.79,+0.79,4.43,0.64,0.32,0.32,0.20,0.52,0.52,0.49,0.07,3,0
Crystal Palace,Andros Townsend,M,15,793,1,1,1,0.57,0.91,0.20,-0.80,0.20,-0.80,1.14,+0.14,1.54,0.56,0.02,0.02,0.13,0.15,0.15,0.18,0.06,0,0
Crystal Palace,Cenk Tosun,F,5,177,1,1,0,2.03,0.51,0.83,-0.17,0.83,-0.17,0.48,+0.48,1.21,0.26,0.42,0.42,0.24,0.66,0.66,0.61,0.13,0,0
Crystal Palace,Max Meyer,F M,13,544,0,0,0,1.32,0.17,0.43,+0.43,0.43,+0.43,0.08,+0.08,0.61,0.27,0.07,0.07,0.01,0.09,0.09,0.10,0.05,1,0
Crystal Palace,Mamadou Sakho,D,8,463,0,0,0,0.00,0.19,0.00,0,0.00,0,0.03,+0.03,1.00,0.97,0.00,0.00,0.01,0.01,0.01,0.20,0.19,0,1
Crystal Palace,Wayne Hennessey,GK,2,180,0,0,0,0.00,0.00,0.00,0,0.00,0,0.00,0,0.11,0.11,0.00,0.00,0.00,0.00,0.00,0.06,0.06,0,0
Crystal Palace,Joel Ward,D,19,1483,0,0,0,0.18,0.24,0.15,+0.15,0.15,+0.15,0.16,+0.16,1.27,1.06,0.01,0.01,0.01,0.02,0.02,0.08,0.06,3,0
Crystal Palace,Scott Dann,D,8,543,0,0,1,0.33,0.33,0.17,+0.17,0.17,+0.17,0.17,-0.83,0.96,0.96,0.03,0.03,0.03,0.06,0.06,0.16,0.16,0,0
Crystal Palace,Martin Kelly,D,19,1554,0,0,1,0.12,0.35,0.06,+0.06,0.06,+0.06,0.83,-0.17,2.38,2.18,0.00,0.00,0.05,0.05,0.05,0.14,0.13,0,0
Crystal Palace,James McCarthy,M,23,1067,0,0,0,0.76,0.84,0.31,+0.31,0.31,+0.31,0.97,+0.97,2.37,1.98,0.03,0.03,0.08,0.11,0.11,0.20,0.17,6,0
Crystal Palace,James McArthur,M,27,2377,0,0,2,0.87,0.87,1.90,+1.90,1.90,+1.90,2.50,+0.50,6.47,3.25,0.07,0.07,0.09,0.17,0.17,0.24,0.12,5,0
Crystal Palace,Gary Cahill,D,19,1710,0,0,1,0.79,0.16,1.27,+1.27,1.27,+1.27,0.43,-0.57,1.36,1.32,0.07,0.07,0.02,0.09,0.09,0.07,0.07,1,0
Crystal Palace,Vicente Guaita,GK,26,2340,0,0,0,0.00,0.00,0.00,0,0.00,0,0.00,0,1.88,1.88,0.00,0.00,0.00,0.00,0.00,0.07,0.07,1,0
Crystal Palace,Victor Camarasa,S,1,3,0,0,0,0.00,0.00,0.00,0,0.00,0,0.00,0,0.07,0.07,0.00,0.00,0.00,0.00,0.00,1.96,1.96,0,0
Crystal Palace,Jairo Riedewald,D,10,608,0,0,0,0.44,0.30,0.05,+0.05,0.05,+0.05,0.51,+0.51,1.52,1.09,0.01,0.01,0.08,0.08,0.08,0.23,0.16,0,0
Crystal Palace,Brandon Pierrick,S,1,6,0,0,0,0.00,30.00,0.00,0,0.00,0,0.10,+0.10,0.10,0.00,0.00,0.00,1.43,1.43,1.43,1.43,0.00,0,0
Southampton,Danny Ings,F M,28,1936,15,15,1,3.11,0.98,10.81,-4.19,10.81,-4.19,1.84,+0.84,12.13,2.38,0.50,0.50,0.09,0.59,0.59,0.56,0.11,2,0
Southampton,James Ward-Prowse,D M,28,2520,4,3,3,1.32,1.61,4.79,+0.79,3.26,+0.26,4.20,+1.20,9.14,6.49,0.17,0.12,0.15,0.32,0.27,0.33,0.23,7,0
Southampton,Nathan Redmond,F M,23,1971,3,3,1,1.92,1.28,4.02,+1.02,4.02,+1.02,2.25,+1.25,8.86,3.47,0.18,0.18,0.10,0.29,0.29,0.40,0.16,2,0
Southampton,Stuart Armstrong,M,21,1135,3,3,0,2.46,0.87,1.75,-1.25,1.75,-1.25,0.97,+0.97,4.34,2.41,0.14,0.14,0.08,0.22,0.22,0.34,0.19,3,0
Southampton,Shane Long,F,18,1078,2,2,2,2.25,1.50,3.89,+1.89,3.89,+1.89,2.42,+0.42,4.92,0.68,0.32,0.32,0.20,0.53,0.53,0.41,0.06,0,0
Southampton,Michael Obafemi,F,14,467,2,2,0,1.54,0.96,1.17,-0.83,1.17,-0.83,0.64,+0.64,1.85,0.50,0.23,0.23,0.12,0.35,0.35,0.36,0.10,1,0
Southampton,Moussa Djenepo,F M,17,893,2,2,2,2.02,1.11,2.25,+0.25,2.25,+0.25,2.05,+0.05,5.40,2.36,0.23,0.23,0.21,0.43,0.43,0.54,0.24,4,0
Southampton,Jannik Vestergaard,D,14,1139,1,1,0,0.71,0.40,0.57,-0.43,0.57,-0.43,0.73,+0.73,2.58,2.46,0.05,0.05,0.06,0.10,0.10,0.20,0.19,2,0
Southampton,Ryan Bertrand,D M,23,1932,1,1,1,0.65,1.12,1.94,+0.94,1.94,+0.94,2.83,+1.83,6.12,4.33,0.09,0.09,0.13,0.22,0.22,0.28,0.20,3,1
Southampton,Jack Stephens,D,20,1738,1,1,3,0.31,0.26,0.92,-0.08,0.92,-0.08,0.75,-2.25,3.92,3.21,0.05,0.05,0.04,0.09,0.09,0.20,0.17,2,0
Southampton,Jan Bednarek,D,26,2339,1,1,0,0.19,0.08,0.88,-0.12,0.88,-0.12,0.14,+0.14,3.18,3.16,0.03,0.03,0.01,0.04,0.04,0.12,0.12,3,0
Southampton,Pierre-Emile Hjbjerg,D M,27,2354,0,0,1,1.57,0.99,2.34,+2.34,2.34,+2.34,1.66,+0.66,9.55,6.64,0.09,0.09,0.06,0.15,0.15,0.37,0.25,5,0
Southampton,Alex McCarthy,GK,18,1620,0,0,0,0.00,0.00,0.00,0,0.00,0,0.00,0,2.11,2.11,0.00,0.00,0.00,0.00,0.00,0.12,0.12,0,0
Southampton,Oriol Romeu,M,22,1301,0,0,0,0.28,0.76,0.13,+0.13,0.13,+0.13,0.61,+0.61,2.20,1.61,0.01,0.01,0.04,0.05,0.05,0.15,0.11,3,0
Southampton,Maya Yoshida,D,8,555,0,0,0,0.81,0.16,0.94,+0.94,0.94,+0.94,0.07,+0.07,0.67,0.59,0.15,0.15,0.01,0.16,0.16,0.11,0.10,1,0
Southampton,Cedric Soares,D M,16,1314,0,0,1,0.62,0.75,0.64,+0.64,0.64,+0.64,0.79,-0.21,3.00,1.95,0.04,0.04,0.05,0.10,0.10,0.21,0.13,1,0
Southampton,Kyle Walker-Peters,D,1,78,0,0,0,0.00,0.00,0.00,0,0.00,0,0.00,0,0.09,0.09,0.00,0.00,0.00,0.00,0.00,0.11,0.11,0,0
Southampton,Sofiane Boufal,M,18,657,0,0,2,2.33,1.92,1.01,+1.01,1.01,+1.01,2.63,+0.63,5.98,3.44,0.14,0.14,0.36,0.50,0.50,0.82,0.47,2,0
Southampton,Kevin Danso,D,6,272,0,0,1,0.33,0.33,0.08,+0.08,0.08,+0.08,0.08,-0.92,0.50,0.50,0.03,0.03,0.03,0.05,0.05,0.16,0.16,0,1
Southampton,Angus Gunn,GK,10,900,0,0,0,0.00,0.00,0.00,0,0.00,0,0.00,0,0.49,0.49,0.00,0.00,0.00,0.00,0.00,0.05,0.05,0,0
Southampton,Yan Valery,D M,8,567,0,0,0,0.32,0.32,0.21,+0.21,0.21,+0.21,1.14,+1.14,3.14,2.35,0.03,0.03,0.18,0.21,0.21,0.50,0.37,1,0
Southampton,Che Adams,F,21,703,0,0,2,2.30,1.28,2.91,+2.91,2.91,+2.91,1.47,-0.53,3.63,0.81,0.37,0.37,0.19,0.56,0.56,0.46,0.10,0,0
Southampton,William Smallbone,M,2,165,0,0,0,1.09,0.00,0.15,+0.15,0.15,+0.15,0.00,0,0.36,0.21,0.08,0.08,0.00,0.08,0.08,0.20,0.11,0,0
Newcastle United,Jonjo Shelvey,M,16,1262,5,5,0,2.14,2.00,1.21,-3.79,1.21,-3.79,2.49,+2.49,3.93,2.67,0.09,0.09,0.18,0.26,0.26,0.28,0.19,2,0
Newcastle United,Fabian Schar,D,18,1401,2,2,0,1.22,0.19,1.05,-0.95,1.05,-0.95,0.08,+0.08,1.92,1.24,0.07,0.07,0.01,0.07,0.07,0.12,0.08,4,0
Newcastle United,Federico Fernandez,D,22,1710,2,2,1,0.53,0.16,1.53,-0.47,1.53,-0.47,0.48,-0.52,1.99,1.49,0.08,0.08,0.03,0.11,0.11,0.10,0.08,4,0
Newcastle United,Ciaran Clark,D,14,1192,2,2,0,0.45,0.08,0.79,-1.21,0.79,-1.21,0.05,+0.05,2.11,2.07,0.06,0.06,0.00,0.06,0.06,0.16,0.16,3,0
Newcastle United,Florian Lejeune,D,6,442,2,2,0,0.81,0.20,0.39,-1.61,0.39,-1.61,0.05,+0.05,0.27,0.21,0.08,0.08,0.01,0.09,0.09,0.05,0.04,0,0
Newcastle United,Jetro Willems,D M,19,1501,2,2,2,0.84,0.96,0.49,-1.51,0.49,-1.51,1.08,-0.92,3.27,1.97,0.03,0.03,0.06,0.09,0.09,0.20,0.12,0,0
Newcastle United,Miguel Almiron,F M,27,2307,2,2,1,1.56,0.70,4.96,+2.96,4.96,+2.96,0.86,-0.14,8.06,2.64,0.19,0.19,0.03,0.23,0.23,0.31,0.10,5,0
Newcastle United,Matthew Longstaff,M,7,541,2,2,0,0.50,0.50,0.61,-1.39,0.61,-1.39,0.19,+0.19,1.04,0.28,0.10,0.10,0.03,0.13,0.13,0.17,0.05,1,0
Newcastle United,Joelinton,F M,28,2238,1,1,2,1.65,0.92,4.09,+3.09,4.09,+3.09,2.90,+0.90,8.35,2.72,0.16,0.16,0.12,0.28,0.28,0.34,0.11,5,0
Newcastle United,Allan Saint-Maximin,M,17,1191,1,1,1,2.27,1.59,1.93,+0.93,1.93,+0.93,2.01,+1.01,4.34,1.42,0.15,0.15,0.15,0.30,0.30,0.33,0.11,0,0
Newcastle United,DeAndre Yedlin,D M,12,771,1,1,0,0.12,0.58,0.75,-0.25,0.75,-0.25,0.23,+0.23,2.16,1.25,0.09,0.09,0.03,0.12,0.12,0.25,0.15,3,0
Newcastle United,Jamaal Lascelles,D,18,1544,1,1,0,0.41,0.06,0.31,-0.69,0.31,-0.69,0.03,+0.03,1.46,1.33,0.02,0.02,0.00,0.02,0.02,0.09,0.08,2,0
Newcastle United,Isaac Hayden,D M,23,1890,1,1,1,0.76,0.62,0.75,-0.25,0.75,-0.25,2.54,+1.54,4.56,2.26,0.04,0.04,0.12,0.16,0.16,0.22,0.11,4,1
Newcastle United,Yoshinori Muto,M,7,189,0,0,0,0.48,0.48,0.08,+0.08,0.08,+0.08,0.01,+0.01,0.21,0.11,0.04,0.04,0.01,0.05,0.05,0.10,0.05,0,0
Newcastle United,Matt Ritchie,D M,9,651,0,0,0,1.80,2.07,0.47,+0.47,0.47,+0.47,0.60,+0.60,1.22,0.58,0.07,0.07,0.08,0.15,0.15,0.17,0.08,2,0
Newcastle United,Andy Carroll,F,13,489,0,0,3,2.02,1.66,0.74,+0.74,0.74,+0.74,0.77,-2.23,1.49,0.54,0.14,0.14,0.14,0.28,0.28,0.27,0.10,1,0
Newcastle United,Danny Rose,D,4,261,0,0,0,0.00,0.34,0.00,0,0.00,0,0.03,+0.03,0.64,0.64,0.00,0.00,0.01,0.01,0.01,0.22,0.22,1,0
Newcastle United,Ki Sung-yueng,M,3,137,0,0,0,0.00,1.31,0.00,0,0.00,0,0.06,+0.06,0.04,0.00,0.00,0.00,0.04,0.04,0.04,0.03,0.00,0,0
Newcastle United,Dwight Gayle,F,11,279,0,0,1,1.94,0.97,1.27,+1.27,1.27,+1.27,0.13,-0.87,1.92,1.00,0.41,0.41,0.04,0.45,0.45,0.62,0.32,1,0
Newcastle United,Paul Dummett,D M,16,1229,0,0,0,0.15,0.29,0.02,+0.02,0.02,+0.02,0.20,+0.20,1.70,1.57,0.00,0.00,0.01,0.02,0.02,0.12,0.12,2,0
Newcastle United,Nabil Bentaleb,M,3,270,0,0,0,0.33,1.67,0.02,+0.02,0.02,+0.02,0.11,+0.11,0.70,0.59,0.01,0.01,0.04,0.05,0.05,0.23,0.20,2,0
Newcastle United,Emil Krafth,D M,11,570,0,0,0,0.47,0.00,0.34,+0.34,0.34,+0.34,0.00,0,0.51,0.17,0.05,0.05,0.00,0.05,0.05,0.08,0.03,0,0
Newcastle United,Javier Manquillo,D M,12,886,0,0,1,0.10,0.30,0.04,+0.04,0.04,+0.04,0.17,-0.83,1.32,1.20,0.00,0.00,0.02,0.02,0.02,0.13,0.12,3,0
Newcastle United,Christian Atsu,M,18,729,0,0,3,0.62,1.60,0.25,+0.25,0.25,+0.25,0.71,-2.29,1.53,0.71,0.03,0.03,0.09,0.12,0.12,0.19,0.09,2,0
Newcastle United,Valentino Lazaro,D,3,199,0,0,0,0.00,1.36,0.00,0,0.00,0,0.06,+0.06,0.47,0.47,0.00,0.00,0.03,0.03,0.03,0.21,0.21,0,1
Newcastle United,Martin Dubravka,GK,28,2520,0,0,0,0.00,0.00,0.00,0,0.00,0,0.00,0,1.59,1.59,0.00,0.00,0.00,0.00,0.00,0.06,0.06,0,0
Newcastle United,Sean Longstaff,M,20,1277,0,0,1,1.48,1.06,0.64,+0.64,0.64,+0.64,0.94,-0.06,1.91,1.34,0.04,0.04,0.07,0.11,0.11,0.13,0.09,2,1
Brighton,Neal Maupay,F,27,2031,8,7,2,3.50,0.71,11.14,+3.14,10.38,+3.38,1.63,-0.37,10.55,2.41,0.49,0.46,0.07,0.57,0.53,0.47,0.11,3,0
Brighton,Leandro Trossard,F M,22,1363,3,3,3,1.65,2.11,2.91,-0.09,2.91,-0.09,3.62,+0.62,8.93,4.23,0.19,0.19,0.24,0.43,0.43,0.59,0.28,0,0
Brighton,Adam Webster,D,22,1925,3,3,1,0.65,0.47,1.45,-1.55,1.45,-1.55,1.09,+0.09,5.38,5.14,0.07,0.07,0.05,0.12,0.12,0.25,0.24,3,0
Brighton,Pascal Gro,F M,23,1492,2,2,4,1.63,3.14,1.42,-0.58,1.42,-0.58,5.68,+1.68,7.72,5.58,0.09,0.09,0.34,0.43,0.43,0.47,0.34,2,0
Brighton,Aaron Mooy,F M,21,1576,2,2,1,1.71,1.77,2.43,+0.43,2.43,+0.43,2.74,+1.74,7.36,3.73,0.14,0.14,0.16,0.30,0.30,0.42,0.21,0,1
Brighton,Lewis Dunk,D,26,2340,2,2,3,1.00,0.46,3.29,+1.29,3.29,+1.29,1.10,-1.90,7.67,7.53,0.13,0.13,0.04,0.17,0.17,0.30,0.29,8,0
Brighton,Alireza Jahanbakhsh,F M,7,276,2,2,0,3.91,1.30,0.58,-1.42,0.58,-1.42,0.99,+0.99,1.58,0.73,0.19,0.19,0.32,0.51,0.51,0.51,0.24,0,0
Brighton,Aaron Connolly,F,17,848,2,2,0,2.65,0.42,3.60,+1.60,3.60,+1.60,0.22,+0.22,3.05,0.19,0.38,0.38,0.02,0.41,0.41,0.32,0.02,0,0
Brighton,Glenn Murray,F,19,683,1,1,0,2.11,0.26,2.56,+1.56,2.56,+1.56,0.80,+0.80,3.16,0.69,0.34,0.34,0.11,0.44,0.44,0.42,0.09,0,0
Brighton,Florin Andone,F,3,69,1,1,0,1.30,1.30,0.36,-0.64,0.36,-0.64,0.06,+0.06,0.36,0.00,0.48,0.48,0.08,0.55,0.55,0.48,0.00,0,1
Brighton,Shane Duffy,D,15,1067,1,1,0,0.42,0.17,1.18,+0.18,1.18,+0.18,0.13,+0.13,2.05,1.92,0.10,0.10,0.01,0.11,0.11,0.17,0.16,1,0
Brighton,Davy Propper,M,25,2250,1,1,2,1.00,1.04,1.73,+0.73,1.73,+0.73,2.46,+0.46,10.71,7.61,0.07,0.07,0.10,0.17,0.17,0.43,0.30,4,0
Brighton,Martin Montoya,D M,22,1638,0,0,1,0.44,1.15,1.43,+1.43,1.43,+1.43,1.94,+0.94,6.90,4.21,0.08,0.08,0.11,0.19,0.19,0.38,0.23,4,0
Brighton,Mat Ryan,GK,28,2520,0,0,0,0.00,0.00,0.00,0,0.00,0,0.00,0,4.07,4.07,0.00,0.00,0.00,0.00,0.00,0.15,0.15,0,0
Brighton,Ezequiel Schelotto,D M,7,286,0,0,0,0.94,0.00,0.24,+0.24,0.24,+0.24,0.00,0,0.45,0.21,0.07,0.07,0.00,0.07,0.07,0.14,0.07,1,0
Brighton,Bernardo,D M,10,552,0,0,0,0.98,0.49,0.23,+0.23,0.23,+0.23,0.90,+0.90,1.71,1.00,0.04,0.04,0.15,0.19,0.19,0.28,0.16,1,0
Brighton,Yves Bissouma,M,12,576,0,0,0,1.41,0.31,0.22,+0.22,0.22,+0.22,0.05,+0.05,2.02,1.78,0.03,0.03,0.01,0.04,0.04,0.32,0.28,2,0
Brighton,Solly March,F M,12,800,0,0,1,2.02,1.13,1.23,+1.23,1.23,+1.23,1.01,+0.01,3.94,2.08,0.14,0.14,0.11,0.25,0.25,0.44,0.23,2,0
Brighton,Dale Stephens,M,23,1948,0,0,1,0.69,0.65,0.37,+0.37,0.37,+0.37,0.63,-0.37,6.07,5.53,0.02,0.02,0.03,0.05,0.05,0.28,0.26,6,0
Brighton,Gaetan Bong,S,4,53,0,0,0,0.00,3.40,0.00,0,0.00,0,0.12,+0.12,0.16,0.04,0.00,0.00,0.20,0.20,0.20,0.27,0.06,0,0
Brighton,Jurgen Locadia,F,2,84,0,0,0,2.14,0.00,0.40,+0.40,0.40,+0.40,0.00,0,0.10,0.04,0.43,0.43,0.00,0.43,0.43,0.11,0.05,0,0
Brighton,Dan Burn,D M,24,2059,0,0,0,0.44,0.79,1.14,+1.14,1.14,+1.14,1.56,+1.56,6.60,5.51,0.05,0.05,0.07,0.12,0.12,0.29,0.24,3,0
Brighton,Steven Alzate,D M,19,1175,0,0,0,1.00,1.07,1.06,+1.06,1.06,+1.06,0.81,+0.81,3.53,1.92,0.08,0.08,0.06,0.14,0.14,0.27,0.15,1,0
West Ham,Sebastien Haller,F,26,2057,7,7,1,2.28,0.92,7.79,+0.79,7.79,+0.79,1.78,+0.78,9.70,2.38,0.34,0.34,0.08,0.42,0.42,0.42,0.10,1,0
West Ham,Robert Snodgrass,F M,23,1521,5,5,5,1.24,1.95,2.39,-2.61,2.39,-2.61,3.67,-1.33,6.25,3.26,0.14,0.14,0.22,0.36,0.36,0.37,0.19,4,0
West Ham,Mark Noble,M,25,2083,4,1,1,0.73,0.73,2.77,-1.23,0.49,-0.51,1.16,+0.16,6.74,5.85,0.12,0.02,0.05,0.17,0.07,0.29,0.25,4,0
West Ham,Aaron Cresswell,D,22,1942,3,3,0,0.65,0.74,0.87,-2.13,0.87,-2.13,1.52,+1.52,4.15,2.86,0.04,0.04,0.07,0.11,0.11,0.19,0.13,7,0
West Ham,Issa Diop,D,22,1867,3,3,0,0.48,0.05,1.59,-1.41,1.59,-1.41,0.41,+0.41,1.54,1.48,0.08,0.08,0.02,0.10,0.10,0.07,0.07,8,0
West Ham,Andriy Yarmolenko,M,15,835,3,3,1,2.16,1.62,1.93,-1.07,1.93,-1.07,3.33,+2.33,5.66,1.38,0.21,0.21,0.36,0.57,0.57,0.61,0.15,2,0
West Ham,Angelo Ogbonna,D,23,2070,2,2,0,0.43,0.04,1.22,-0.78,1.22,-0.78,0.05,+0.05,2.08,1.97,0.05,0.05,0.00,0.06,0.06,0.09,0.09,4,0
West Ham,Michail Antonio,F M,14,927,2,2,2,3.11,1.26,4.17,+2.17,4.17,+2.17,2.06,+0.06,5.05,0.91,0.41,0.41,0.20,0.61,0.61,0.49,0.09,0,0
West Ham,Pablo Fornals,M,26,1366,2,2,5,1.71,0.99,1.91,-0.09,1.91,-0.09,2.11,-2.89,5.04,3.04,0.13,0.13,0.14,0.27,0.27,0.33,0.20,1,0
West Ham,Chicharito,F,2,107,1,1,0,2.52,0.00,0.88,-0.12,0.88,-0.12,0.00,0,0.90,0.07,0.74,0.74,0.00,0.74,0.74,0.75,0.06,0,0
West Ham,Felipe Anderson,M,21,1445,1,1,4,1.37,1.49,2.39,+1.39,2.39,+1.39,2.54,-1.46,7.81,3.73,0.15,0.15,0.16,0.31,0.31,0.49,0.23,1,0
West Ham,Jarrod Bowen,M,3,95,1,1,0,4.74,0.95,0.96,-0.04,0.96,-0.04,0.06,+0.06,0.96,0.00,0.91,0.91,0.06,0.97,0.97,0.91,0.00,0,0
West Ham,Fabian Balbuena,D,13,1081,1,1,0,0.83,0.08,1.34,+0.34,1.34,+0.34,0.46,+0.46,1.31,1.31,0.11,0.11,0.04,0.15,0.15,0.11,0.11,2,0
West Ham,Manuel Lanzini,F M,19,1184,0,0,2,1.44,2.13,1.83,+1.83,1.83,+1.83,2.01,+0.01,5.39,3.24,0.14,0.14,0.15,0.29,0.29,0.41,0.25,0,0
West Ham,Darren Randolph,GK,2,180,0,0,0,0.00,0.00,0.00,0,0.00,0,0.00,0,0.00,0.00,0.00,0.00,0.00,0.00,0.00,0.00,0.00,0,0
West Ham,Pablo Zabaleta,D M,10,585,0,0,0,0.00,0.46,0.00,0,0.00,0,0.59,+0.59,2.14,2.14,0.00,0.00,0.09,0.09,0.09,0.33,0.33,2,0
West Ham,Carlos Sanchez,M,6,107,0,0,0,0.00,0.00,0.00,0,0.00,0,0.00,0,0.25,0.25,0.00,0.00,0.00,0.00,0.00,0.21,0.21,0,0
West Ham,Lukasz Fabianski,GK,15,1217,0,0,0,0.00,0.00,0.00,0,0.00,0,0.00,0,0.78,0.78,0.00,0.00,0.00,0.00,0.00,0.06,0.06,1,0
West Ham,Jack Wilshere,M,6,168,0,0,0,0.00,0.00,0.00,0,0.00,0,0.00,0,0.00,0.00,0.00,0.00,0.00,0.00,0.00,0.00,0.00,0,0
West Ham,Arthur Masuaku,D M,15,908,0,0,1,0.50,0.69,0.09,+0.09,0.09,+0.09,1.25,+0.25,3.06,2.87,0.01,0.01,0.12,0.13,0.13,0.30,0.28,3,1
West Ham,Albian Ajeti,S,8,112,0,0,0,1.61,1.61,0.18,+0.18,0.18,+0.18,0.04,+0.04,0.25,0.03,0.15,0.15,0.03,0.18,0.18,0.20,0.03,0,0
West Ham,Roberto Jimenez,GK,8,687,0,0,0,0.00,0.00,0.00,0,0.00,0,0.00,0,0.12,0.12,0.00,0.00,0.00,0.00,0.00,0.02,0.02,0,0
West Ham,Declan Rice,M,28,2520,0,0,2,0.61,0.46,0.58,+0.58,0.58,+0.58,0.73,-1.27,6.05,5.26,0.02,0.02,0.03,0.05,0.05,0.22,0.19,5,0
West Ham,Nathan Holland,S,2,24,0,0,0,3.75,0.00,0.01,+0.01,0.01,+0.01,0.00,0,0.01,0.00,0.04,0.04,0.00,0.04,0.04,0.04,0.00,0,0
West Ham,Ryan Fredericks,D,20,1688,0,0,2,0.00,0.85,0.00,0,0.00,0,1.52,-0.48,3.92,3.37,0.00,0.00,0.08,0.08,0.08,0.21,0.18,5,0
West Ham,David Martin,GK,5,436,0,0,0,0.00,0.00,0.00,0,0.00,0,0.00,0,0.16,0.16,0.00,0.00,0.00,0.00,0.00,0.03,0.03,1,0
West Ham,Jeremy Ngakia,D,3,270,0,0,0,0.00,0.00,0.00,0,0.00,0,0.00,0,0.10,0.10,0.00,0.00,0.00,0.00,0.00,0.03,0.03,0,0
West Ham,Tomas Soucek,M,3,224,0,0,0,0.80,0.40,0.36,+0.36,0.36,+0.36,0.10,+0.10,0.22,0.02,0.14,0.14,0.04,0.18,0.18,0.09,0.01,0,0
Watford,Troy Deeney,F,17,1436,6,4,2,1.94,1.19,7.43,+1.43,5.14,+1.14,2.83,+0.83,8.55,1.78,0.47,0.32,0.18,0.64,0.50,0.54,0.11,3,0
Watford,Ismaila Sarr,F M,18,1142,5,5,3,2.76,1.26,5.36,+0.36,5.36,+0.36,2.78,-0.22,8.87,2.13,0.42,0.42,0.22,0.64,0.64,0.70,0.17,1,0
Watford,Gerard Deulofeu,F M,28,2137,4,3,5,2.65,1.81,6.18,+2.18,5.41,+2.41,4.79,-0.21,11.48,3.64,0.26,0.23,0.20,0.46,0.43,0.48,0.15,4,0
Watford,Abdoulaye Doucoure,M,27,2371,4,4,2,1.82,1.18,4.36,+0.36,4.36,+0.36,3.50,+1.50,11.16,5.59,0.17,0.17,0.13,0.30,0.30,0.42,0.21,6,0
Watford,Roberto Pereyra,F M,22,1246,3,2,0,1.23,1.30,2.60,-0.40,1.84,-0.16,1.33,+1.33,3.84,1.16,0.19,0.13,0.10,0.28,0.23,0.28,0.08,3,0
Watford,Andre Gray,F,19,697,2,2,0,2.45,1.29,2.59,+0.59,2.59,+0.59,1.87,+1.87,4.65,0.30,0.33,0.33,0.24,0.58,0.58,0.60,0.04,1,0
Watford,Tom Cleverley,M,10,657,1,1,0,2.05,1.78,1.69,+0.69,1.69,+0.69,0.62,+0.62,4.41,2.44,0.23,0.23,0.09,0.32,0.32,0.60,0.33,0,0
Watford,Adam Masina,D,16,1127,1,1,0,0.48,0.56,0.19,-0.81,0.19,-0.81,0.26,+0.26,1.75,1.54,0.02,0.02,0.02,0.04,0.04,0.14,0.12,3,0
Watford,Will Hughes,M,20,1455,1,1,1,1.05,0.80,2.03,+1.03,2.03,+1.03,1.10,+0.10,4.66,2.18,0.13,0.13,0.07,0.19,0.19,0.29,0.13,4,0
Watford,Danny Welbeck,F,8,248,0,0,0,1.81,0.73,0.62,+0.62,0.62,+0.62,0.04,+0.04,0.66,0.04,0.23,0.23,0.01,0.24,0.24,0.24,0.01,0,0
Watford,Adrian Mariappa,D,15,1228,0,0,0,0.22,0.29,0.17,+0.17,0.17,+0.17,0.25,+0.25,1.74,1.44,0.01,0.01,0.02,0.03,0.03,0.13,0.11,2,1
Watford,Sebastian Prodl,D,1,57,0,0,0,3.16,0.00,0.06,+0.06,0.06,+0.06,0.00,0,0.00,0.00,0.09,0.09,0.00,0.09,0.09,0.00,0.00,0,0
Watford,Jose Holebas,D,12,1006,0,0,0,0.54,0.98,0.24,+0.24,0.24,+0.24,0.54,+0.54,2.61,2.24,0.02,0.02,0.05,0.07,0.07,0.23,0.20,5,0
Watford,Etienne Capoue,M,23,2053,0,0,2,0.75,0.53,0.60,+0.60,0.60,+0.60,1.62,-0.38,6.92,5.46,0.03,0.03,0.07,0.10,0.10,0.30,0.24,6,0
Watford,Craig Cathcart,D,26,2267,0,0,0,0.04,0.08,0.08,+0.08,0.08,+0.08,0.08,+0.08,2.22,2.18,0.00,0.00,0.00,0.01,0.01,0.09,0.09,6,0
Watford,Daryl Janmaat,D M,8,611,0,0,1,0.59,0.88,0.33,+0.33,0.33,+0.33,0.40,-0.60,1.80,1.27,0.05,0.05,0.06,0.11,0.11,0.27,0.19,1,0
Watford,Ben Foster,GK,28,2520,0,0,0,0.04,0.04,0.35,+0.35,0.35,+0.35,0.04,+0.04,1.52,1.49,0.01,0.01,0.00,0.01,0.01,0.05,0.05,1,0
Watford,Craig Dawson,D,20,1546,0,0,0,0.52,0.12,0.79,+0.79,0.79,+0.79,0.09,+0.09,2.73,2.72,0.05,0.05,0.01,0.05,0.05,0.16,0.16,4,0
Watford,Nathaniel Chalobah,M,15,783,0,0,1,0.92,0.69,0.41,+0.41,0.41,+0.41,0.61,-0.39,1.74,1.30,0.05,0.05,0.07,0.12,0.12,0.20,0.15,1,0
Watford,Isaac Success,S,5,54,0,0,0,1.67,1.67,0.09,+0.09,0.09,+0.09,0.05,+0.05,0.19,0.04,0.16,0.16,0.09,0.25,0.25,0.32,0.07,1,0
Watford,Christian Kabasele,D,18,1494,0,0,1,0.30,0.12,0.55,+0.55,0.55,+0.55,0.10,-0.90,1.45,1.43,0.03,0.03,0.01,0.04,0.04,0.09,0.09,1,2
Watford,Dimitri Foulquier,M,3,52,0,0,0,0.00,0.00,0.00,0,0.00,0,0.00,0,0.00,0.00,0.00,0.00,0.00,0.00,0.00,0.00,0.00,0,0
Watford,Kiko Femenia,D M,18,1437,0,0,0,0.25,0.75,0.11,+0.11,0.11,+0.11,0.86,+0.86,2.52,2.03,0.01,0.01,0.05,0.06,0.06,0.16,0.13,4,0
Watford,Domingos Quina,S,4,9,0,0,0,10.00,0.00,0.02,+0.02,0.02,+0.02,0.00,0,0.02,0.00,0.21,0.21,0.00,0.21,0.21,0.21,0.00,0,0
Watford,Ignacio Pussetto,S,5,28,0,0,0,0.00,0.00,0.00,0,0.00,0,0.00,0,0.00,0.00,0.00,0.00,0.00,0.00,0.00,0.00,0.00,0,0
Bournemouth,Callum Wilson,F,27,2267,7,7,0,1.63,1.03,8.06,+1.06,8.06,+1.06,2.92,+2.92,10.30,2.22,0.32,0.32,0.12,0.44,0.44,0.41,0.09,7,0
Bournemouth,Harry Wilson,F M,23,1480,7,7,0,2.86,0.85,3.35,-3.65,3.35,-3.65,2.21,+2.21,6.72,4.11,0.20,0.20,0.13,0.34,0.34,0.41,0.25,1,0
Bournemouth,Joshua King,F M,19,1472,4,3,2,1.10,1.35,4.74,+0.74,3.98,+0.98,2.74,+0.74,6.48,2.32,0.29,0.24,0.17,0.46,0.41,0.40,0.14,0,0
Bournemouth,Dan Gosling,M,15,875,2,2,1,0.93,0.41,2.33,+0.33,2.33,+0.33,0.62,-0.38,2.98,1.44,0.24,0.24,0.06,0.30,0.30,0.31,0.15,1,0
Bournemouth,Nathan Ake,D,22,1924,2,2,1,0.98,0.28,2.85,+0.85,2.85,+0.85,1.47,+0.47,3.37,2.79,0.13,0.13,0.07,0.20,0.20,0.16,0.13,1,0
Bournemouth,Steve Cook,D,21,1830,1,1,0,0.44,0.15,0.43,-0.57,0.43,-0.57,0.68,+0.68,2.66,2.54,0.02,0.02,0.03,0.05,0.05,0.13,0.12,4,1
Bournemouth,Ryan Fraser,F M,27,1964,1,1,4,1.15,1.92,3.13,+2.13,3.13,+2.13,3.48,-0.52,8.25,3.73,0.14,0.14,0.16,0.30,0.30,0.38,0.17,2,0
Bournemouth,Jefferson Lerma,M,23,1869,1,1,1,1.01,0.39,0.47,-0.53,0.47,-0.53,0.73,-0.27,6.37,5.92,0.02,0.02,0.04,0.06,0.06,0.31,0.29,9,1
Bournemouth,Philip Billing,M,26,2088,1,1,1,1.25,0.47,2.02,+1.02,2.02,+1.02,1.04,+0.04,5.59,4.18,0.09,0.09,0.04,0.13,0.13,0.24,0.18,7,0
Bournemouth,Chris Mepham,D,11,901,1,1,0,0.70,0.10,1.05,+0.05,1.05,+0.05,0.08,+0.08,0.92,0.73,0.11,0.11,0.01,0.11,0.11,0.09,0.07,1,0
Bournemouth,Simon Francis,D,15,956,0,0,0,0.28,0.38,0.15,+0.15,0.15,+0.15,0.42,+0.42,1.76,1.68,0.01,0.01,0.04,0.05,0.05,0.17,0.16,3,1
Bournemouth,Charlie Daniels,D,2,126,0,0,0,0.00,1.43,0.00,0,0.00,0,0.14,+0.14,0.49,0.42,0.00,0.00,0.10,0.10,0.10,0.35,0.30,0,0
Bournemouth,Andrew Surman,M,5,230,0,0,0,0.39,0.39,0.03,+0.03,0.03,+0.03,0.03,+0.03,0.92,0.89,0.01,0.01,0.01,0.02,0.02,0.36,0.35,1,0
Bournemouth,Junior Stanislas,M,5,147,0,0,0,1.22,1.22,0.16,+0.16,0.16,+0.16,0.05,+0.05,1.26,1.18,0.10,0.10,0.03,0.13,0.13,0.77,0.72,0,0
Bournemouth,Jordon Ibe,S,2,39,0,0,0,0.00,0.00,0.00,0,0.00,0,0.00,0,0.02,0.02,0.00,0.00,0.00,0.00,0.00,0.05,0.05,0,0
Bournemouth,Adam Smith,D M,17,1484,0,0,1,0.24,0.42,0.69,+0.69,0.69,+0.69,0.87,-0.13,4.86,4.17,0.04,0.04,0.05,0.09,0.09,0.29,0.25,6,0
Bournemouth,Dominic Solanke,F M,23,1135,0,0,1,1.74,0.95,2.69,+2.69,2.69,+2.69,0.98,-0.02,5.29,2.32,0.21,0.21,0.08,0.29,0.29,0.42,0.18,1,0
Bournemouth,Lewis Cook,M,19,909,0,0,0,0.59,0.69,0.15,+0.15,0.15,+0.15,0.40,+0.40,2.93,2.61,0.02,0.02,0.04,0.05,0.05,0.29,0.26,3,0
Bournemouth,Diego Rico,D M,21,1806,0,0,2,0.45,1.10,0.29,+0.29,0.29,+0.29,2.06,+0.06,3.63,2.97,0.01,0.01,0.10,0.12,0.12,0.18,0.15,6,0
Bournemouth,Sam Surridge,S,1,12,0,0,0,0.00,0.00,0.00,0,0.00,0,0.00,0,0.00,0.00,0.00,0.00,0.00,0.00,0.00,0.00,0.00,0,0
Bournemouth,Aaron Ramsdale,GK,27,2430,0,0,1,0.00,0.04,0.00,0,0.00,0,0.50,-0.50,1.97,1.48,0.00,0.00,0.02,0.02,0.02,0.07,0.05,0,0
Bournemouth,Jack Simpson,D,3,165,0,0,0,0.55,0.55,0.01,+0.01,0.01,+0.01,0.03,+0.03,0.05,0.00,0.01,0.01,0.02,0.03,0.03,0.03,0.00,0,0
Bournemouth,Mark Travers,GK,1,90,0,0,0,0.00,0.00,0.00,0,0.00,0,0.00,0,0.02,0.02,0.00,0.00,0.00,0.00,0.00,0.02,0.02,0,0
Bournemouth,Jack Stacey,D,11,981,0,0,2,0.46,0.73,0.56,+0.56,0.56,+0.56,2.43,+0.43,4.33,2.23,0.05,0.05,0.22,0.27,0.27,0.40,0.20,2,0
Bournemouth,Arnaut Danjuma Groeneveld,M,9,396,0,0,0,2.27,0.45,0.61,+0.61,0.61,+0.61,0.09,+0.09,0.80,0.22,0.14,0.14,0.02,0.16,0.16,0.18,0.05,0,0
Aston Villa,Jack Grealish,F M,25,2245,7,7,6,2.20,2.81,5.77,-1.23,5.01,-1.99,5.89,-0.11,15.30,7.89,0.23,0.20,0.24,0.47,0.44,0.61,0.32,7,0
Aston Villa,Wesley,F,21,1806,5,5,1,1.79,0.55,7.10,+2.10,6.34,+1.34,0.88,-0.12,7.84,2.68,0.35,0.32,0.04,0.40,0.36,0.39,0.13,3,0
Aston Villa,Anwar El Ghazi,F M,24,1671,4,3,4,2.48,1.45,5.67,+1.67,4.91,+1.91,2.41,-1.59,6.94,1.74,0.31,0.26,0.13,0.44,0.39,0.37,0.09,3,0
Aston Villa,Douglas Luiz,M,25,1613,3,3,2,1.84,0.61,2.14,-0.86,2.14,-0.86,1.26,-0.74,3.67,1.74,0.12,0.12,0.07,0.19,0.19,0.20,0.10,4,0
Aston Villa,Conor Hourihane,M,17,877,3,3,2,1.64,1.85,1.04,-1.96,1.04,-1.96,2.83,+0.83,4.42,2.48,0.11,0.11,0.29,0.40,0.40,0.45,0.25,3,0
Aston Villa,Trezeguet,F M,24,1328,3,3,1,2.51,1.22,3.31,+0.31,3.31,+0.31,0.87,-0.13,4.73,2.18,0.22,0.22,0.06,0.28,0.28,0.32,0.15,2,1
Aston Villa,John McGinn,M,18,1537,3,3,2,2.23,1.58,2.85,-0.15,2.85,-0.15,2.07,+0.07,7.69,4.37,0.17,0.17,0.12,0.29,0.29,0.45,0.26,2,0
Aston Villa,Tyrone Mings,D,22,1912,2,2,1,0.38,0.28,0.85,-1.15,0.85,-1.15,0.53,-0.47,4.19,4.12,0.04,0.04,0.03,0.06,0.06,0.20,0.19,5,0
Aston Villa,Matt Targett,D M,19,1611,1,1,2,0.34,1.34,0.36,-0.64,0.36,-0.64,2.83,+0.83,6.23,4.93,0.02,0.02,0.16,0.18,0.18,0.35,0.28,3,0
Aston Villa,Bjorn Engels,D,16,1357,1,1,0,0.53,0.13,0.78,-0.22,0.78,-0.22,0.14,+0.14,3.81,3.76,0.05,0.05,0.01,0.06,0.06,0.25,0.25,1,0
Aston Villa,Mbwana Samatta,F,3,266,1,1,0,2.37,1.35,0.84,-0.16,0.84,-0.16,0.16,+0.16,1.09,0.20,0.29,0.29,0.05,0.34,0.34,0.37,0.07,0,0
Aston Villa,rjan Nyland,GK,3,176,0,0,0,0.00,0.00,0.00,0,0.00,0,0.00,0,0.02,0.02,0.00,0.00,0.00,0.00,0.00,0.01,0.01,0,0
Aston Villa,Neil Taylor,D M,10,789,0,0,0,0.34,0.11,0.13,+0.13,0.13,+0.13,0.06,+0.06,2.33,2.14,0.01,0.01,0.01,0.02,0.02,0.27,0.24,2,0
Aston Villa,Daniel Drinkwater,M,4,270,0,0,0,0.67,0.33,0.10,+0.10,0.10,+0.10,0.04,+0.04,0.82,0.72,0.03,0.03,0.01,0.05,0.05,0.27,0.24,1,0
Aston Villa,Keinan Davis,S,7,94,0,0,0,6.70,1.91,0.73,+0.73,0.73,+0.73,0.04,+0.04,1.11,0.43,0.70,0.70,0.03,0.73,0.73,1.06,0.41,0,0
Aston Villa,Jose Reina,GK,5,450,0,0,0,0.00,0.20,0.00,0,0.00,0,0.04,+0.04,0.69,0.69,0.00,0.00,0.01,0.01,0.01,0.14,0.14,1,0
Aston Villa,Tom Heaton,GK,20,1797,0,0,0,0.00,0.00,0.00,0,0.00,0,0.00,0,2.10,2.10,0.00,0.00,0.00,0.00,0.00,0.10,0.10,0,0
Aston Villa,Ahmed Elmohamady,D,11,689,0,0,1,0.52,1.96,0.18,+0.18,0.18,+0.18,1.41,+0.41,2.35,2.11,0.02,0.02,0.18,0.21,0.21,0.31,0.28,0,0
Aston Villa,Borja Baston,S,2,9,0,0,0,0.00,0.00,0.00,0,0.00,0,0.00,0,0.00,0.00,0.00,0.00,0.00,0.00,0.00,0.00,0.00,0,0
Aston Villa,Jota,F M,8,314,0,0,1,1.15,1.15,0.15,+0.15,0.15,+0.15,0.57,-0.43,1.51,0.85,0.04,0.04,0.16,0.21,0.21,0.43,0.24,0,0
Aston Villa,Frederic Guilbert,D M,22,1810,0,0,2,0.30,0.65,0.29,+0.29,0.29,+0.29,1.33,-0.67,4.04,3.48,0.01,0.01,0.07,0.08,0.08,0.20,0.17,6,0
Aston Villa,Jed Steer,GK,1,7,0,0,0,0.00,0.00,0.00,0,0.00,0,0.00,0,0.00,0.00,0.00,0.00,0.00,0.00,0.00,0.00,0.00,0,0
Aston Villa,Kortney Hause,D,11,990,0,0,0,0.64,0.09,0.81,+0.81,0.81,+0.81,0.13,+0.13,0.69,0.69,0.07,0.07,0.01,0.09,0.09,0.06,0.06,2,0
Aston Villa,Jonathan Kodjia,S,6,96,0,0,0,1.88,0.94,0.16,+0.16,0.16,+0.16,0.08,+0.08,0.33,0.09,0.15,0.15,0.08,0.23,0.23,0.31,0.08,1,0
Aston Villa,Ezri Konsa Ngoyo,D,15,1204,0,0,2,0.60,0.37,0.67,+0.67,0.67,+0.67,0.42,-1.58,1.50,1.45,0.05,0.05,0.03,0.08,0.08,0.11,0.11,1,0
Aston Villa,Henri Lansbury,M,9,185,0,0,0,0.97,0.97,0.05,+0.05,0.05,+0.05,0.07,+0.07,0.46,0.36,0.03,0.03,0.03,0.06,0.06,0.22,0.18,0,0
Aston Villa,Marvelous Nakamba,M,20,1565,0,0,0,0.40,0.69,0.14,+0.14,0.14,+0.14,0.55,+0.55,4.25,3.75,0.01,0.01,0.03,0.04,0.04,0.24,0.22,4,0
Aston Villa,Indiana Vassilev,S,2,32,0,0,0,0.00,0.00,0.00,0,0.00,0,0.00,0,0.00,0.00,0.00,0.00,0.00,0.00,0.00,0.00,0.00,0,0
Norwich,Teemu Pukki,F,27,2405,11,9,3,2.66,0.97,10.20,-0.80,8.68,-0.32,3.41,+0.41,13.86,2.36,0.38,0.32,0.13,0.51,0.45,0.52,0.09,3,0
Norwich,Todd Cantwell,M,28,2055,6,6,2,1.62,1.40,5.42,-0.58,5.42,-0.58,2.14,+0.14,10.07,3.21,0.24,0.24,0.09,0.33,0.33,0.44,0.14,4,0
Norwich,Mario Vrancic,M,11,350,1,1,0,2.06,1.54,0.69,-0.31,0.69,-0.31,0.30,+0.30,1.06,0.67,0.18,0.18,0.08,0.26,0.26,0.27,0.17,2,0
Norwich,Josip Drmic,S,13,141,1,1,0,3.19,0.64,0.95,-0.05,0.95,-0.05,0.08,+0.08,1.10,0.13,0.60,0.60,0.05,0.66,0.66,0.70,0.08,0,0
Norwich,Alexander Tettey,D M,22,1735,1,1,1,0.99,0.26,0.57,-0.43,0.57,-0.43,0.49,-0.51,4.96,4.27,0.03,0.03,0.03,0.05,0.05,0.26,0.22,4,0
Norwich,Jamal Lewis,D,18,1412,1,1,0,0.45,0.45,0.28,-0.72,0.28,-0.72,0.56,+0.56,2.83,2.13,0.02,0.02,0.04,0.05,0.05,0.18,0.14,2,0
Norwich,Kenny McLean,M,27,2193,1,1,1,0.98,0.74,1.02,+0.02,1.02,+0.02,2.05,+1.05,7.29,5.76,0.04,0.04,0.08,0.13,0.13,0.30,0.24,4,0
Norwich,Onel Hernandez,M,17,738,1,1,1,1.83,1.46,0.77,-0.23,0.77,-0.23,0.57,-0.43,1.85,0.57,0.09,0.09,0.07,0.16,0.16,0.23,0.07,0,0
Norwich,Dennis Srbeny,S,8,29,1,1,0,6.21,0.00,0.48,-0.52,0.48,-0.52,0.00,0,0.43,0.00,1.50,1.50,0.00,1.50,1.50,1.35,0.00,0,0
Norwich,Lukas Rupp,M,6,345,0,0,0,0.78,1.30,0.84,+0.84,0.84,+0.84,0.40,+0.40,1.72,0.48,0.22,0.22,0.10,0.32,0.32,0.45,0.13,0,0
Norwich,Ralf Fahrmann,GK,1,21,0,0,0,0.00,0.00,0.00,0,0.00,0,0.00,0,0.00,0.00,0.00,0.00,0.00,0.00,0.00,0.00,0.00,0,0
Norwich,Sam Byram,D,17,1292,0,0,0,1.04,0.42,2.19,+2.19,2.19,+2.19,0.36,+0.36,2.63,1.71,0.15,0.15,0.03,0.18,0.18,0.18,0.12,4,0
Norwich,Patrick Roberts,S,3,19,0,0,0,0.00,0.00,0.00,0,0.00,0,0.00,0,0.00,0.00,0.00,0.00,0.00,0.00,0.00,0.00,0.00,0,0
Norwich,Tim Krul,GK,26,2340,0,0,0,0.00,0.00,0.00,0,0.00,0,0.00,0,2.93,2.93,0.00,0.00,0.00,0.00,0.00,0.11,0.11,4,0
Norwich,Moritz Leitner,M,9,689,0,0,0,1.04,0.91,0.22,+0.22,0.22,+0.22,0.36,+0.36,4.28,3.83,0.03,0.03,0.05,0.08,0.08,0.56,0.50,1,0
Norwich,Emiliano Buendia,M,27,1922,0,0,7,1.40,3.32,1.89,+1.89,1.89,+1.89,6.37,-0.63,11.18,6.62,0.09,0.09,0.30,0.39,0.39,0.52,0.31,4,0
Norwich,Ibrahim Amadou,D M,11,757,0,0,0,0.71,0.12,0.59,+0.59,0.59,+0.59,0.05,+0.05,1.25,1.15,0.07,0.07,0.01,0.08,0.08,0.15,0.14,1,0
Norwich,Ondrej Duda,M,6,499,0,0,0,1.44,2.16,0.42,+0.42,0.42,+0.42,1.40,+1.40,1.69,0.86,0.08,0.08,0.25,0.33,0.33,0.30,0.16,0,0
Norwich,Max Aarons,D,26,2340,0,0,1,0.50,0.73,0.61,+0.61,0.61,+0.61,3.68,+2.68,8.82,6.40,0.02,0.02,0.14,0.17,0.17,0.34,0.25,6,0
Norwich,Ben Godfrey,D,20,1749,0,0,0,0.46,0.00,0.28,+0.28,0.28,+0.28,0.00,0,5.42,5.36,0.01,0.01,0.00,0.01,0.01,0.28,0.28,2,1
Norwich,Grant Hanley,D,14,1171,0,0,0,0.54,0.00,0.37,+0.37,0.37,+0.37,0.00,0,1.77,1.77,0.03,0.03,0.00,0.03,0.03,0.14,0.14,4,0
Norwich,Tom Trybull,M,14,1047,0,0,0,0.95,0.17,0.44,+0.44,0.44,+0.44,0.14,+0.14,3.32,3.18,0.04,0.04,0.01,0.05,0.05,0.29,0.27,2,0
Norwich,Marco Stiepermann,M,19,950,0,0,0,1.71,0.95,1.16,+1.16,1.16,+1.16,0.82,+0.82,4.68,3.09,0.11,0.11,0.08,0.19,0.19,0.44,0.29,4,0
Norwich,Christoph Zimmermann,D,15,1295,0,0,1,0.42,0.07,0.26,+0.26,0.26,+0.26,0.05,-0.95,2.33,2.31,0.02,0.02,0.00,0.02,0.02,0.16,0.16,2,0
Norwich,Adam Idah,F,2,67,0,0,0,0.00,0.00,0.00,0,0.00,0,0.00,0,0.00,0.00,0.00,0.00,0.00,0.00,0.00,0.00,0.00,0,0
Norwich,Michael McGovern,GK,2,159,0,0,0,0.00,0.00,0.00,0,0.00,0,0.00,0,0.10,0.10,0.00,0.00,0.00,0.00,0.00,0.06,0.06,0,0
