,Team,First Name,Last Name,Pos,Apps,Min,G,A,Sh90,KP90,xG,xA,name,gw
0,Liverpool,Alex,Oxlade-Chamberlain,F,1,90,1,0,2.0,0.0,0.36,0.0,Alex Oxlade-Chamberlain,16
1,Liverpool,Mohamed,Salah,F,1,90,1,1,5.0,4.0,1.25,0.64,Mohamed Salah,16
2,Liverpool,Naby,Keita,M,1,90,1,1,3.0,3.0,0.66,0.58,Naby Keita,16
3,Liverpool,Roberto,Firmino,F,1,90,0,0,5.0,2.0,0.35,0.68,Roberto Firmino,16
4,Liverpool,James,Milner,M,1,90,0,0,1.0,3.0,0.04,0.24,James Milner,16
5,Liverpool,Dejan,Lovren,D,1,39,0,0,0.0,0.0,0.0,0.0,Dejan Lovren,16
6,Liverpool,Jordan,Henderson,M,1,90,0,1,1.0,2.0,0.02,0.43,Jordan Henderson,16
7,Liverpool,Virgil,van Dijk,D,1,90,0,0,0.0,0.0,0.0,0.0,Virgil van Dijk,16
8,Liverpool,Xherdan,Shaqiri,S,1,1,0,0,0.0,90.0,0.0,0.08,Xherdan Shaqiri,16
9,Liverpool,Joseph,Gomez,D,1,90,0,0,0.0,2.0,0.0,0.08,Joseph Gomez,16
10,Liverpool,Alisson,,GK,1,90,0,0,0.0,0.0,0.0,0.0,Alisson,16
11,Liverpool,Andrew,Robertson,D,1,79,0,0,0.0,0.0,0.0,0.0,Andrew Robertson,16
12,Liverpool,Trent,Alexander-Arnold,S,1,51,0,0,7.06,3.53,0.32,0.15,Trent Alexander-Arnold,16
13,Liverpool,Curtis,Jones,S,1,11,0,0,8.18,0.0,0.08,0.0,Curtis Jones,16
14,Manchester City,Nicolas,Otamendi,S,1,29,1,0,6.21,0.0,0.48,0.0,Nicolas Otamendi,16
15,Manchester City,Ilkay,Gundogan,S,1,2,0,0,0.0,45.0,0.0,0.07,Ilkay Gundogan,16
16,Manchester City,Kevin,De Bruyne,M,1,90,0,0,4.0,4.0,0.31,0.46,Kevin De Bruyne,16
17,Manchester City,John,Stones,D,1,61,0,0,0.0,0.0,0.0,0.0,John Stones,16
18,Manchester City,Fernandinho,,D,1,90,0,0,0.0,0.0,0.0,0.0,Fernandinho,16
19,Manchester City,David,Silva,M,1,90,0,0,3.0,4.0,0.21,0.28,David Silva,16
20,Manchester City,Raheem,Sterling,F,1,90,0,0,2.0,2.0,0.09,0.24,Raheem Sterling,16
21,Manchester City,Kyle,Walker,D,1,90,0,0,0.0,1.0,0.0,0.02,Kyle Walker,16
22,Manchester City,Riyad,Mahrez,S,1,23,0,1,7.83,3.91,0.23,0.38,Riyad Mahrez,16
23,Manchester City,Angelino,,D,1,90,0,0,2.0,0.0,0.09,0.0,Angelino,16
24,Manchester City,Rodri,,M,1,88,0,0,1.02,1.02,0.06,0.1,Rodri,16
25,Manchester City,Bernardo,Silva,F,1,67,0,0,2.69,2.69,0.1,0.2,Bernardo Silva,16
26,Manchester City,Gabriel,Jesus,F,1,90,0,0,3.0,0.0,0.51,0.0,Gabriel Jesus,16
27,Manchester City,Ederson,,GK,1,90,0,0,0.0,0.0,0.0,0.0,Ederson,16
28,Leicester,Jamie,Vardy,F,1,90,2,0,4.0,2.0,1.63,0.17,Jamie Vardy,16
29,Leicester,Kelechi,Iheanacho,F,1,67,1,1,5.37,5.37,0.3,1.2,Kelechi Iheanacho,16
30,Leicester,Jonny,Evans,D,1,90,1,0,4.0,0.0,0.34,0.0,Jonny Evans,16
31,Leicester,Kasper,Schmeichel,GK,1,90,0,0,0.0,0.0,0.0,0.0,Kasper Schmeichel,16
32,Leicester,Marc,Albrighton,S,1,11,0,0,0.0,8.18,0.0,0.48,Marc Albrighton,16
33,Leicester,Ben,Chilwell,D,1,83,0,0,0.0,2.17,0.0,0.18,Ben Chilwell,16
34,Leicester,Dennis,Praet,M,1,79,0,1,0.0,1.14,0.0,0.47,Dennis Praet,16
35,Leicester,Ricardo,Pereira,D,1,90,0,0,1.0,2.0,0.11,0.55,Ricardo Pereira,16
36,Leicester,Caglar,Soyuncu,D,1,90,0,0,2.0,1.0,0.22,0.16,Caglar Soyuncu,16
37,Leicester,Wilfred,Ndidi,M,1,90,0,0,0.0,0.0,0.0,0.0,Wilfred Ndidi,16
38,Leicester,Youri,Tielemans,M,1,90,0,0,2.0,2.0,0.14,0.1,Youri Tielemans,16
39,Leicester,Harvey,Barnes,S,1,23,0,0,11.74,0.0,1.06,0.0,Harvey Barnes,16
40,Leicester,James,Maddison,M,1,90,0,1,3.0,5.0,0.29,0.46,James Maddison,16
41,Leicester,James,Justin,S,1,7,0,0,0.0,0.0,0.0,0.0,James Justin,16
42,Chelsea,Mateo,Kovacic,M,1,90,1,0,2.0,2.0,0.04,0.09,Mateo Kovacic,16
43,Chelsea,Andreas,Christensen,D,1,90,0,0,2.0,0.0,0.05,0.0,Andreas Christensen,16
44,Chelsea,Cesar,Azpilicueta,D,1,90,0,0,2.0,2.0,0.16,0.14,Cesar Azpilicueta,16
45,Chelsea,Willian,,M,1,73,0,0,0.0,1.23,0.0,0.58,Willian,16
46,Chelsea,Tammy,Abraham,F,1,90,0,0,2.0,0.0,0.62,0.0,Tammy Abraham,16
47,Chelsea,N'Golo,Kante,M,1,90,0,0,0.0,3.0,0.0,0.13,N'Golo Kante,16
48,Chelsea,Kurt,Zouma,D,1,90,0,0,0.0,0.0,0.0,0.0,Kurt Zouma,16
49,Chelsea,Michy,Batshuayi,S,1,6,0,0,0.0,15.0,0.0,0.02,Michy Batshuayi,16
50,Chelsea,Christian,Pulisic,M,1,90,0,0,2.0,1.0,0.07,0.06,Christian Pulisic,16
51,Chelsea,Kepa,,GK,1,90,0,0,0.0,0.0,0.0,0.0,Kepa,16
52,Chelsea,Callum,Hudson-Odoi,S,1,17,0,0,5.29,0.0,0.04,0.0,Callum Hudson-Odoi,16
53,Chelsea,Mason,Mount,M,1,90,0,0,3.0,1.0,0.22,0.02,Mason Mount,16
54,Chelsea,Reece,James,D,1,84,0,0,1.07,1.07,0.06,0.12,Reece James,16
55,Manchester United,Anthony,Martial,F,1,76,1,0,3.55,1.18,0.21,0.07,Anthony Martial,16
56,Manchester United,Marcus,Rashford,M,1,90,1,0,3.0,1.0,0.96,0.08,Marcus Rashford,16
57,Manchester United,David,de Gea,GK,1,90,0,0,0.0,0.0,0.0,0.0,David de Gea,16
58,Manchester United,Jesse,Lingard,M,1,90,0,0,3.0,0.0,0.3,0.0,Jesse Lingard,16
59,Manchester United,Ashley,Young,S,1,1,0,0,0.0,0.0,0.0,0.0,Ashley Young,16
60,Manchester United,Andreas,Pereira,S,1,14,0,0,6.43,6.43,0.05,0.13,Andreas Pereira,16
61,Manchester United,Axel,Tuanzebe,S,1,1,0,0,0.0,0.0,0.0,0.0,Axel Tuanzebe,16
62,Manchester United,Luke,Shaw,D,1,90,0,0,0.0,0.0,0.0,0.0,Luke Shaw,16
63,Manchester United,Harry,Maguire,D,1,90,0,0,0.0,0.0,0.0,0.0,Harry Maguire,16
64,Manchester United,Scott,McTominay,M,1,90,0,0,0.0,0.0,0.0,0.0,Scott McTominay,16
65,Manchester United,Aaron,Wan-Bissaka,D,1,90,0,0,0.0,1.0,0.0,0.06,Aaron Wan-Bissaka,16
66,Manchester United,Daniel,James,M,1,90,0,1,1.0,4.0,0.1,0.3,Daniel James,16
67,Manchester United,Victor,Lindelof,D,1,90,0,0,0.0,0.0,0.0,0.0,Victor Lindelof,16
68,Manchester United,Fred,,M,1,90,0,0,0.0,2.0,0.0,0.23,Fred,16
69,Wolverhampton Wanderers,Diogo,Jota,F,1,78,2,0,6.92,0.0,1.55,0.0,Diogo Jota,16
70,Wolverhampton Wanderers,Adama,Traore,F,1,90,0,0,3.0,0.0,0.16,0.0,Adama Traore,16
71,Wolverhampton Wanderers,Jonny,,M,1,90,0,1,0.0,2.0,0.0,0.42,Jonny,16
72,Wolverhampton Wanderers,Joao,Moutinho,M,1,90,0,0,0.0,1.0,0.0,0.09,Joao Moutinho,16
73,Wolverhampton Wanderers,Romain,Saiss,D,1,90,0,0,1.0,0.0,0.03,0.0,Romain Saiss,16
74,Wolverhampton Wanderers,Raul,Jimenez,F,1,86,0,1,0.0,4.19,0.0,1.04,Raul Jimenez,16
75,Wolverhampton Wanderers,Patrick,Cutrone,S,1,4,0,0,22.5,0.0,0.03,0.0,Patrick Cutrone,16
76,Wolverhampton Wanderers,Pedro,Neto,S,1,12,0,0,0.0,0.0,0.0,0.0,Pedro Neto,16
77,Wolverhampton Wanderers,Rui,Patricio,GK,1,90,0,0,0.0,0.0,0.0,0.0,Rui Patricio,16
78,Wolverhampton Wanderers,Conor,Coady,D,1,90,0,0,0.0,0.0,0.0,0.0,Conor Coady,16
79,Wolverhampton Wanderers,Matt,Doherty,M,1,90,0,0,1.0,0.0,0.09,0.0,Matt Doherty,16
80,Wolverhampton Wanderers,Ruben,Neves,M,1,90,0,0,1.0,2.0,0.02,0.1,Ruben Neves,16
81,Wolverhampton Wanderers,Ruben,Vinagre,S,1,1,0,0,0.0,0.0,0.0,0.0,Ruben Vinagre,16
82,Wolverhampton Wanderers,Leander,Dendoncker,D,1,90,0,0,0.0,0.0,0.0,0.0,Leander Dendoncker,16
83,Sheffield United,George,Baldock,M,1,90,1,1,1.0,1.0,0.08,0.06,George Baldock,16
84,Sheffield United,Enda,Stevens,M,1,90,1,0,1.0,0.0,0.06,0.0,Enda Stevens,16
85,Sheffield United,Muhamed,Besic,S,1,23,0,0,0.0,3.91,0.0,0.09,Muhamed Besic,16
86,Sheffield United,Oliver,McBurnie,S,1,5,0,0,0.0,0.0,0.0,0.0,Oliver McBurnie,16
87,Sheffield United,Lys,Mousset,F,1,67,0,0,2.69,0.0,0.05,0.0,Lys Mousset,16
88,Sheffield United,Callum,Robinson,S,1,23,0,0,0.0,0.0,0.0,0.0,Callum Robinson,16
89,Sheffield United,Dean,Henderson,GK,1,90,0,0,0.0,0.0,0.0,0.0,Dean Henderson,16
90,Sheffield United,John,Egan,D,1,90,0,0,0.0,0.0,0.0,0.0,John Egan,16
91,Sheffield United,Chris,Basham,D,1,90,0,0,0.0,0.0,0.0,0.0,Chris Basham,16
92,Sheffield United,Jack,O'Connell,D,1,90,0,0,0.0,0.0,0.0,0.0,Jack O'Connell,16
93,Sheffield United,John,Lundstram,M,1,90,0,0,1.0,2.0,0.02,0.34,John Lundstram,16
94,Sheffield United,John,Fleck,M,1,90,0,0,0.0,1.0,0.0,0.02,John Fleck,16
95,Sheffield United,Oliver,Norwood,M,1,67,0,0,1.34,0.0,0.02,0.0,Oliver Norwood,16
96,Sheffield United,David,McGoldrick,F,1,85,0,0,3.18,2.12,0.48,0.04,David McGoldrick,16
97,Burnley,Aaron,Lennon,S,1,16,0,0,0.0,0.0,0.0,0.0,Aaron Lennon,16
98,Burnley,Jack,Cork,M,1,90,0,0,0.0,0.0,0.0,0.0,Jack Cork,16
99,Burnley,Robbie,Brady,M,1,74,0,0,2.43,1.22,0.14,0.01,Robbie Brady,16
100,Burnley,Jay,Rodriguez,F,1,90,0,0,4.0,0.0,0.69,0.0,Jay Rodriguez,16
101,Burnley,Erik,Pieters,D,1,90,0,0,0.0,1.0,0.0,0.05,Erik Pieters,16
102,Burnley,Matej,Vydra,S,1,22,0,0,0.0,0.0,0.0,0.0,Matej Vydra,16
103,Burnley,Matthew,Lowton,D,1,90,0,0,0.0,0.0,0.0,0.0,Matthew Lowton,16
104,Burnley,Ben,Mee,D,1,90,0,0,0.0,0.0,0.0,0.0,Ben Mee,16
105,Burnley,James,Tarkowski,D,1,90,0,0,0.0,1.0,0.0,0.01,James Tarkowski,16
106,Burnley,Jeff,Hendrick,M,1,90,0,0,0.0,0.0,0.0,0.0,Jeff Hendrick,16
107,Burnley,Chris,Wood,F,1,68,0,0,1.32,0.0,0.27,0.0,Chris Wood,16
108,Burnley,Nick,Pope,GK,1,90,0,0,0.0,0.0,0.0,0.0,Nick Pope,16
109,Burnley,Dwight,McNeil,M,1,90,0,0,0.0,2.0,0.0,0.69,Dwight McNeil,16
110,Arsenal,Pierre-Emerick,Aubameyang,F,1,90,1,1,3.0,2.0,0.65,0.59,Pierre-Emerick Aubameyang,16
111,Arsenal,Nicolas,Pepe,M,1,90,1,0,1.0,0.0,0.05,0.0,Nicolas Pepe,16
112,Arsenal,Gabriel,Martinelli,M,1,90,1,0,2.0,1.0,0.42,0.09,Gabriel Martinelli,16
113,Arsenal,Bernd,Leno,GK,1,90,0,0,0.0,0.0,0.0,0.0,Bernd Leno,16
114,Arsenal,Granit,Xhaka,M,1,90,0,0,1.0,0.0,0.01,0.0,Granit Xhaka,16
115,Arsenal,Sead,Kolasinac,S,1,62,0,1,0.0,1.45,0.0,0.31,Sead Kolasinac,16
116,Arsenal,Sokratis,,D,1,90,0,0,0.0,0.0,0.0,0.0,Sokratis,16
117,Arsenal,Mesut,Ozil,M,1,90,0,0,1.0,2.0,0.54,0.12,Mesut Ozil,16
118,Arsenal,Calum,Chambers,D,1,90,0,0,0.0,0.0,0.0,0.0,Calum Chambers,16
119,Arsenal,Lucas,Torreira,M,1,90,0,0,2.0,1.0,0.12,0.02,Lucas Torreira,16
120,Arsenal,Ainsley,Maitland-Niles,D,1,90,0,0,0.0,0.0,0.0,0.0,Ainsley Maitland-Niles,16
121,Arsenal,Matteo,Guendouzi,S,1,1,0,0,0.0,0.0,0.0,0.0,Matteo Guendouzi,16
122,Arsenal,Reiss,Nelson,S,1,1,0,0,0.0,0.0,0.0,0.0,Reiss Nelson,16
123,Arsenal,Kieran,Tierney,D,1,28,0,0,0.0,0.0,0.0,0.0,Kieran Tierney,16
124,Everton,Dominic,Calvert-Lewin,F,1,90,2,0,6.0,1.0,1.1,0.07,Dominic Calvert-Lewin,16
125,Everton,Richarlison,,F,1,73,1,0,2.47,0.0,0.67,0.0,Richarlison,16
126,Everton,Alex,Iwobi,M,1,90,0,0,0.0,1.0,0.0,0.07,Alex Iwobi,16
127,Everton,Theo,Walcott,M,1,88,0,0,3.07,1.02,0.16,0.13,Theo Walcott,16
128,Everton,Morgan,Schneiderlin,M,1,90,0,0,1.0,0.0,0.02,0.0,Morgan Schneiderlin,16
129,Everton,Leighton,Baines,S,1,6,0,0,0.0,0.0,0.0,0.0,Leighton Baines,16
130,Everton,Gylfi,Sigurdsson,M,1,90,0,0,0.0,1.0,0.0,0.01,Gylfi Sigurdsson,16
131,Everton,Jordan,Pickford,GK,1,90,0,0,0.0,0.0,0.0,0.0,Jordan Pickford,16
132,Everton,Mason,Holgate,D,1,90,0,0,0.0,0.0,0.0,0.0,Mason Holgate,16
133,Everton,Tom,Davies,S,1,17,0,0,5.29,0.0,0.09,0.0,Tom Davies,16
134,Everton,Michael,Keane,D,1,90,0,0,0.0,0.0,0.0,0.0,Michael Keane,16
135,Everton,Lucas,Digne,D,1,84,0,0,0.0,1.07,0.0,0.09,Lucas Digne,16
136,Everton,Djibril,Sidibe,D,1,90,0,1,0.0,3.0,0.0,0.78,Djibril Sidibe,16
137,Everton,Bernard,,S,1,2,0,0,0.0,0.0,0.0,0.0,Bernard,16
138,Crystal Palace,Wilfried,Zaha,M,1,90,0,0,0.0,1.0,0.0,0.09,Wilfried Zaha,16
139,Crystal Palace,Martin,Kelly,D,1,90,0,0,0.0,0.0,0.0,0.0,Martin Kelly,16
140,Crystal Palace,James,Tomkins,D,1,90,0,0,0.0,0.0,0.0,0.0,James Tomkins,16
141,Crystal Palace,Cheikhou,Kouyate,M,1,84,0,0,0.0,0.0,0.0,0.0,Cheikhou Kouyate,16
142,Crystal Palace,James,McCarthy,S,1,6,0,0,0.0,0.0,0.0,0.0,James McCarthy,16
143,Crystal Palace,Christian,Benteke,S,1,16,0,0,0.0,0.0,0.0,0.0,Christian Benteke,16
144,Crystal Palace,James,McArthur,M,1,90,0,0,2.0,0.0,0.15,0.0,James McArthur,16
145,Crystal Palace,Jordan,Ayew,F,1,90,0,0,1.0,0.0,0.06,0.0,Jordan Ayew,16
146,Crystal Palace,Gary,Cahill,D,1,90,0,0,0.0,0.0,0.0,0.0,Gary Cahill,16
147,Crystal Palace,Jeffrey,Schlupp,D,1,47,0,0,0.0,0.0,0.0,0.0,Jeffrey Schlupp,16
148,Crystal Palace,Andros,Townsend,M,1,74,0,0,0.0,0.0,0.0,0.0,Andros Townsend,16
149,Crystal Palace,Vicente,Guaita,GK,1,90,0,0,0.0,0.0,0.0,0.0,Vicente Guaita,16
150,Crystal Palace,Luka,Milivojevic,M,1,90,0,0,0.0,1.0,0.0,0.06,Luka Milivojevic,16
151,Crystal Palace,Jairo,Riedewald,S,1,43,0,0,0.0,0.0,0.0,0.0,Jairo Riedewald,16
152,Southampton,Danny,Ings,F,1,89,1,0,2.02,0.0,0.18,0.0,Danny Ings,16
153,Southampton,Pierre-Emile,Hjbjerg,M,1,90,0,0,1.0,0.0,0.01,0.0,Pierre-Emile Hjbjerg,16
154,Southampton,Alex,McCarthy,GK,1,90,0,0,0.0,0.0,0.0,0.0,Alex McCarthy,16
155,Southampton,Nathan,Redmond,M,1,90,0,0,3.0,0.0,0.39,0.0,Nathan Redmond,16
156,Southampton,Ryan,Bertrand,D,1,90,0,0,3.0,0.0,0.72,0.0,Ryan Bertrand,16
157,Southampton,Shane,Long,F,1,90,0,0,3.0,2.0,0.22,0.69,Shane Long,16
158,Southampton,James,Ward-Prowse,M,1,90,0,0,2.0,3.0,0.13,0.26,James Ward-Prowse,16
159,Southampton,Cedric,Soares,D,1,90,0,0,2.0,1.0,0.07,0.12,Cedric Soares,16
160,Southampton,Sofiane,Boufal,S,1,16,0,0,0.0,5.63,0.0,0.05,Sofiane Boufal,16
161,Southampton,Jack,Stephens,D,1,90,0,1,0.0,1.0,0.0,0.07,Jack Stephens,16
162,Southampton,Jan,Bednarek,D,1,90,0,0,1.0,0.0,0.06,0.0,Jan Bednarek,16
163,Southampton,Che,Adams,S,1,1,0,0,0.0,0.0,0.0,0.0,Che Adams,16
164,Southampton,Moussa,Djenepo,M,1,74,0,0,2.43,1.22,0.16,0.06,Moussa Djenepo,16
165,Newcastle United,Federico,Fernandez,D,1,90,1,0,2.0,0.0,0.66,0.0,Federico Fernandez,16
166,Newcastle United,Jonjo,Shelvey,M,1,90,1,0,3.0,4.0,0.1,0.13,Jonjo Shelvey,16
167,Newcastle United,Fabian,Schar,S,1,43,0,0,0.0,0.0,0.0,0.0,Fabian Schar,16
168,Newcastle United,Joelinton,,F,1,60,0,0,1.5,0.0,0.1,0.0,Joelinton,16
169,Newcastle United,Allan,Saint-Maximin,M,1,90,0,0,1.0,1.0,0.02,0.02,Allan Saint-Maximin,16
170,Newcastle United,Andy,Carroll,S,1,30,0,1,0.0,3.0,0.0,0.07,Andy Carroll,16
171,Newcastle United,Paul,Dummett,D,1,90,0,0,0.0,0.0,0.0,0.0,Paul Dummett,16
172,Newcastle United,Ciaran,Clark,D,1,47,0,0,1.91,0.0,0.03,0.0,Ciaran Clark,16
173,Newcastle United,Javier,Manquillo,D,1,90,0,0,1.0,0.0,0.04,0.0,Javier Manquillo,16
174,Newcastle United,Isaac,Hayden,M,1,90,0,0,0.0,0.0,0.0,0.0,Isaac Hayden,16
175,Newcastle United,Jetro,Willems,D,1,90,0,0,0.0,1.0,0.0,0.1,Jetro Willems,16
176,Newcastle United,Martin,Dubravka,GK,1,90,0,0,0.0,0.0,0.0,0.0,Martin Dubravka,16
177,Newcastle United,Sean,Longstaff,S,1,4,0,0,22.5,0.0,0.02,0.0,Sean Longstaff,16
178,Newcastle United,Miguel,Almiron,M,1,86,0,0,2.09,1.05,0.14,0.04,Miguel Almiron,16
179,Brighton,Neal,Maupay,F,1,90,1,0,5.0,0.0,0.31,0.0,Neal Maupay,16
180,Brighton,Davy,Propper,M,1,90,1,0,1.0,0.0,0.3,0.0,Davy Propper,16
181,Brighton,Pascal,Gro,F,1,69,0,0,1.3,2.61,0.07,0.08,Pascal Gro,16
182,Brighton,Glenn,Murray,S,1,21,0,0,0.0,0.0,0.0,0.0,Glenn Murray,16
183,Brighton,Mat,Ryan,GK,1,90,0,0,0.0,0.0,0.0,0.0,Mat Ryan,16
184,Brighton,Aaron,Mooy,M,1,90,0,0,1.0,0.0,0.06,0.0,Aaron Mooy,16
185,Brighton,Lewis,Dunk,D,1,90,0,0,1.0,0.0,0.05,0.0,Lewis Dunk,16
186,Brighton,Dale,Stephens,M,1,90,0,1,1.0,1.0,0.02,0.05,Dale Stephens,16
187,Brighton,Alireza,Jahanbakhsh,S,1,21,0,0,0.0,0.0,0.0,0.0,Alireza Jahanbakhsh,16
188,Brighton,Dan,Burn,D,1,90,0,0,1.0,0.0,0.03,0.0,Dan Burn,16
189,Brighton,Leandro,Trossard,F,1,69,0,1,1.3,2.61,0.03,0.41,Leandro Trossard,16
190,Brighton,Adam,Webster,D,1,90,0,0,0.0,0.0,0.0,0.0,Adam Webster,16
191,Brighton,Steven,Alzate,D,1,90,0,0,1.0,2.0,0.11,0.11,Steven Alzate,16
192,West Ham,Angelo,Ogbonna,D,1,90,1,0,1.0,0.0,0.1,0.0,Angelo Ogbonna,16
193,West Ham,Michail,Antonio,F,1,90,0,0,2.0,0.0,0.16,0.0,Michail Antonio,16
194,West Ham,Mark,Noble,M,1,90,0,0,2.0,1.0,0.04,0.03,Mark Noble,16
195,West Ham,Aaron,Cresswell,D,1,56,0,0,0.0,0.0,0.0,0.0,Aaron Cresswell,16
196,West Ham,Felipe,Anderson,M,1,75,0,0,1.2,1.2,0.03,0.1,Felipe Anderson,16
197,West Ham,Robert,Snodgrass,M,1,83,0,0,1.08,1.08,0.07,0.03,Robert Snodgrass,16
198,West Ham,Arthur,Masuaku,S,1,34,0,0,0.0,2.65,0.0,0.05,Arthur Masuaku,16
199,West Ham,Pablo,Fornals,M,1,90,0,1,2.0,1.0,0.07,0.1,Pablo Fornals,16
200,West Ham,Declan,Rice,M,1,90,0,0,1.0,0.0,0.03,0.0,Declan Rice,16
201,West Ham,Nathan,Holland,S,1,7,0,0,12.86,0.0,0.01,0.0,Nathan Holland,16
202,West Ham,Sebastien,Haller,S,1,15,0,0,0.0,0.0,0.0,0.0,Sebastien Haller,16
203,West Ham,Ryan,Fredericks,D,1,90,0,0,0.0,1.0,0.0,0.01,Ryan Fredericks,16
204,West Ham,Fabian,Balbuena,D,1,90,0,0,0.0,0.0,0.0,0.0,Fabian Balbuena,16
205,West Ham,David,Martin,GK,1,90,0,0,0.0,0.0,0.0,0.0,David Martin,16
206,Watford,Etienne,Capoue,M,1,90,0,0,1.0,0.0,0.01,0.0,Etienne Capoue,16
207,Watford,Troy,Deeney,F,1,90,0,0,1.0,1.0,0.06,0.04,Troy Deeney,16
208,Watford,Craig,Cathcart,D,1,90,0,0,0.0,1.0,0.0,0.04,Craig Cathcart,16
209,Watford,Gerard,Deulofeu,F,1,90,0,0,3.0,3.0,0.11,0.74,Gerard Deulofeu,16
210,Watford,Ben,Foster,GK,1,90,0,0,0.0,0.0,0.0,0.0,Ben Foster,16
211,Watford,Adam,Masina,D,1,90,0,0,0.0,1.0,0.0,0.01,Adam Masina,16
212,Watford,Andre,Gray,S,1,12,0,0,7.5,7.5,0.37,0.09,Andre Gray,16
213,Watford,Nathaniel,Chalobah,S,1,11,0,0,0.0,0.0,0.0,0.0,Nathaniel Chalobah,16
214,Watford,Roberto,Pereyra,F,1,78,0,0,1.15,1.15,0.07,0.06,Roberto Pereyra,16
215,Watford,Christian,Kabasele,D,1,90,0,0,1.0,0.0,0.01,0.0,Christian Kabasele,16
216,Watford,Abdoulaye,Doucoure,M,1,79,0,0,1.14,0.0,0.07,0.0,Abdoulaye Doucoure,16
217,Watford,Kiko,Femenia,D,1,90,0,0,0.0,1.0,0.0,0.08,Kiko Femenia,16
218,Watford,Ismaila,Sarr,M,1,90,0,0,4.0,2.0,0.87,0.38,Ismaila Sarr,16
219,Bournemouth,Simon,Francis,D,1,90,0,0,0.0,0.0,0.0,0.0,Simon Francis,16
220,Bournemouth,Dan,Gosling,S,1,23,0,0,0.0,0.0,0.0,0.0,Dan Gosling,16
221,Bournemouth,Callum,Wilson,F,1,67,0,0,0.0,0.0,0.0,0.0,Callum Wilson,16
222,Bournemouth,Nathan,Ake,D,1,34,0,0,0.0,0.0,0.0,0.0,Nathan Ake,16
223,Bournemouth,Dominic,Solanke,F,1,90,0,0,1.0,0.0,0.04,0.0,Dominic Solanke,16
224,Bournemouth,Ryan,Fraser,M,1,90,0,0,0.0,2.0,0.0,0.11,Ryan Fraser,16
225,Bournemouth,Lewis,Cook,S,1,29,0,0,0.0,3.1,0.0,0.04,Lewis Cook,16
226,Bournemouth,Jefferson,Lerma,M,1,90,0,0,0.0,0.0,0.0,0.0,Jefferson Lerma,16
227,Bournemouth,Diego,Rico,D,1,90,0,0,0.0,0.0,0.0,0.0,Diego Rico,16
228,Bournemouth,Aaron,Ramsdale,GK,1,90,0,0,0.0,0.0,0.0,0.0,Aaron Ramsdale,16
229,Bournemouth,Philip,Billing,M,1,61,0,0,0.0,0.0,0.0,0.0,Philip Billing,16
230,Bournemouth,Jack,Simpson,S,1,56,0,0,0.0,0.0,0.0,0.0,Jack Simpson,16
231,Bournemouth,Chris,Mepham,D,1,90,0,0,0.0,0.0,0.0,0.0,Chris Mepham,16
232,Bournemouth,Arnaut,Danjuma Groeneveld,M,1,90,0,0,2.0,0.0,0.11,0.0,Arnaut Danjuma Groeneveld,16
233,Aston Villa,Jack,Grealish,M,1,90,1,0,2.0,3.0,0.09,0.13,Jack Grealish,16
234,Aston Villa,Matt,Targett,D,1,81,0,0,0.0,3.33,0.0,0.7,Matt Targett,16
235,Aston Villa,Tyrone,Mings,D,1,22,0,0,0.0,0.0,0.0,0.0,Tyrone Mings,16
236,Aston Villa,Tom,Heaton,GK,1,90,0,0,0.0,0.0,0.0,0.0,Tom Heaton,16
237,Aston Villa,Ahmed,Elmohamady,D,1,90,0,0,2.0,2.0,0.05,0.12,Ahmed Elmohamady,16
238,Aston Villa,Frederic,Guilbert,S,1,9,0,0,0.0,0.0,0.0,0.0,Frederic Guilbert,16
239,Aston Villa,Anwar,El Ghazi,M,1,90,0,0,5.0,2.0,0.78,0.05,Anwar El Ghazi,16
240,Aston Villa,Douglas,Luiz,M,1,90,0,0,2.0,0.0,0.06,0.0,Douglas Luiz,16
241,Aston Villa,Bjorn,Engels,S,1,68,0,0,0.0,0.0,0.0,0.0,Bjorn Engels,16
242,Aston Villa,Trezeguet,,S,1,28,0,0,6.43,0.0,0.16,0.0,Trezeguet,16
243,Aston Villa,John,McGinn,M,1,90,0,0,1.0,1.0,0.01,0.05,John McGinn,16
244,Aston Villa,Wesley,,F,1,90,0,0,1.0,2.0,0.1,0.12,Wesley,16
245,Aston Villa,Ezri,Konsa Ngoyo,D,1,90,0,1,0.0,1.0,0.0,0.04,Ezri Konsa Ngoyo,16
246,Aston Villa,Marvelous,Nakamba,M,1,62,0,0,0.0,0.0,0.0,0.0,Marvelous Nakamba,16
247,Norwich,Alexander,Tettey,M,1,90,1,0,2.0,0.0,0.06,0.0,Alexander Tettey,16
248,Norwich,Mario,Vrancic,M,1,83,0,0,3.25,2.17,0.07,0.08,Mario Vrancic,16
249,Norwich,Sam,Byram,D,1,74,0,0,0.0,0.0,0.0,0.0,Sam Byram,16
250,Norwich,Tim,Krul,GK,1,90,0,0,0.0,0.0,0.0,0.0,Tim Krul,16
251,Norwich,Emiliano,Buendia,M,1,90,0,0,1.0,5.0,0.02,0.25,Emiliano Buendia,16
252,Norwich,Max,Aarons,D,1,90,0,0,0.0,0.0,0.0,0.0,Max Aarons,16
253,Norwich,Ben,Godfrey,D,1,90,0,0,2.0,0.0,0.07,0.0,Ben Godfrey,16
254,Norwich,Jamal,Lewis,S,1,16,0,0,0.0,0.0,0.0,0.0,Jamal Lewis,16
255,Norwich,Kenny,McLean,M,1,90,0,0,0.0,1.0,0.0,0.1,Kenny McLean,16
256,Norwich,Todd,Cantwell,S,1,16,0,0,5.63,5.63,0.08,0.02,Todd Cantwell,16
257,Norwich,Teemu,Pukki,F,1,90,0,0,3.0,1.0,0.21,0.04,Teemu Pukki,16
258,Norwich,Onel,Hernandez,M,1,74,0,0,1.22,2.43,0.02,0.03,Onel Hernandez,16
259,Norwich,Dennis,Srbeny,S,1,7,0,0,12.86,0.0,0.05,0.0,Dennis Srbeny,16
260,Norwich,Christoph,Zimmermann,D,1,90,0,1,0.0,1.0,0.0,0.05,Christoph Zimmermann,16
